"year","time2","X1","X2","X3","X4","X5","X6","X7","X8","X9","X10","all"
1982,1,-0.5166666666666666,-0.6223333333333333,-0.6366666666666667,-0.8283333333333334,-1.3553333333333333,-0.7383333333333334,-0.213,-1.198,-0.6776666666666666,-0.8893333333333333,-0.7773333333333333
1982,2,-0.42266666666666663,-0.5273333333333333,-0.7506666666666666,-0.44366666666666665,-0.7183333333333334,-0.632,-0.225,-0.4703333333333333,-0.41966666666666663,-0.6103333333333333,-0.5143333333333333
1982,3,-0.10300000000000001,-0.317,-0.07466666666666667,-0.314,-0.5283333333333333,-0.27266666666666667,-0.32799999999999996,-0.4796666666666667,-0.36,-0.34400000000000003,-0.32566666666666666
1982,4,-0.7756666666666666,-0.2533333333333333,-0.5556666666666666,-0.5733333333333334,-0.702,-0.5133333333333333,-0.6596666666666666,-0.9186666666666666,-0.48733333333333334,-1.0386666666666666,-0.6646666666666666
1982,5,-0.707,0.16066666666666665,-0.5256666666666667,0.26466666666666666,-0.109,-0.03266666666666667,0.09833333333333333,-0.42600000000000005,0.13266666666666668,-0.36933333333333335,-0.139
1982,6,-0.287,0.5503333333333333,0.049999999999999996,-0.07933333333333333,-0.001999999999999988,-0.41100000000000003,0.24933333333333332,-0.918,-0.7326666666666667,-0.4786666666666667,-0.23733333333333334
1982,7,-0.2786666666666667,0.08733333333333336,0.08866666666666667,-1.5166666666666666,-0.8626666666666667,-1.8936666666666666,-2.1186666666666665,-0.6706666666666666,-1.401,-0.19166666666666665,-0.9216666666666666
1982,8,-1.2253333333333334,-0.2866666666666667,-1.1276666666666666,-1.1743333333333335,-0.6803333333333333,-0.962,-0.6486666666666666,-0.5913333333333334,-1.2563333333333333,-0.7496666666666667,-0.8656666666666667
1982,9,-0.755,-0.529,-1.2893333333333332,-1.1506666666666667,-0.5813333333333333,-1.312,-0.9093333333333333,-0.4206666666666667,-1.3643333333333334,-0.5763333333333334,-0.8843333333333333
1982,10,-0.7626666666666666,0.22033333333333333,-0.651,-0.4956666666666667,-0.02366666666666667,-0.525,-0.6236666666666667,-0.20366666666666666,-0.747,-0.5563333333333333,-0.44433333333333336
1982,11,0.10033333333333334,0.4836666666666667,0.17366666666666666,0.21233333333333335,-0.06733333333333333,0.01933333333333334,-0.012666666666666665,0.366,0.031666666666666676,0.136,0.137
1982,12,-0.243,0.016333333333333356,-0.12233333333333335,0.2826666666666667,-0.49666666666666665,-0.12833333333333335,0.4096666666666667,-0.46066666666666667,-0.02266666666666667,-0.10066666666666667,-0.08233333333333333
1983,1,-0.2233333333333333,0.145,-0.37133333333333335,0.44033333333333335,-0.43333333333333335,0.048666666666666664,0.358,-0.3806666666666667,0.437,-0.29000000000000004,-0.017666666666666664
1983,2,-0.5886666666666667,0.25066666666666665,-0.71,-0.12,-0.309,-0.3416666666666667,0.213,-0.6726666666666666,0.4443333333333333,0.2573333333333333,-0.12933333333333333
1983,3,-0.27266666666666667,0.159,-0.4076666666666667,-0.5746666666666667,-0.6073333333333334,-0.592,0.10466666666666667,-0.6026666666666667,0.16899999999999998,0.081,-0.244
1983,4,0.04866666666666666,0.9256666666666666,-0.23299999999999998,0.2936666666666667,-0.5660000000000001,0.082,0.362,-0.18733333333333332,0.968,0.48966666666666664,0.228
1983,5,-1.0966666666666667,0.393,-0.682,0.241,-0.35966666666666663,0.44233333333333336,0.5166666666666666,0.09999999999999999,0.8403333333333334,0.42333333333333334,0.13733333333333334
1983,6,-2.762,-2.1186666666666665,-1.6563333333333332,-1.23,-0.7713333333333333,-0.5693333333333334,-1.089,-0.9426666666666667,-0.371,-0.09966666666666667,-1.0656666666666668
1983,7,-2.1870000000000003,-2.900666666666667,-1.0883333333333334,-1.9606666666666666,-0.8756666666666667,-1.0166666666666666,-1.6676666666666666,-0.318,-0.8313333333333334,0.5766666666666667,-1.1296666666666666
1983,8,-0.8903333333333333,-0.7296666666666667,-0.775,-0.9823333333333334,-0.10833333333333332,-0.46366666666666667,-0.9023333333333333,0.13966666666666666,-0.268,0.39766666666666667,-0.41533333333333333
1983,9,0.39766666666666667,-0.9830000000000001,0.5473333333333333,-0.5773333333333334,0.5973333333333334,0.27466666666666667,-0.3993333333333333,0.631,0.731,0.643,0.216
1983,10,-1.2986666666666666,-0.8663333333333333,-0.347,-0.9223333333333333,-0.14566666666666667,0.0013333333333333346,-0.3243333333333333,0.6990000000000001,0.7203333333333333,0.7693333333333333,-0.08666666666666667
1983,11,-1.146,-0.887,-0.9963333333333334,-0.7123333333333334,-1.2653333333333334,-0.32433333333333336,-0.336,-0.363,-0.060999999999999985,-0.3576666666666667,-0.604
1983,12,-0.944,-1.065,-1.0546666666666666,-1.5010000000000001,-1.0863333333333334,-0.645,-0.8059999999999999,-0.9873333333333333,-0.41733333333333333,-0.9073333333333333,-0.927
1984,1,-0.9563333333333334,-0.6276666666666667,-2.001,-1.2133333333333334,-1.6663333333333334,-0.885,-0.5686666666666667,-1.3356666666666666,-0.8623333333333333,-0.8696666666666667,-1.0863333333333334
1984,2,-0.8530000000000001,-0.8346666666666667,-1.7453333333333334,-1.8656666666666666,-2.143,-0.8763333333333333,-0.5720000000000001,-1.206,-0.5136666666666666,-0.525,-1.091
1984,3,-0.9043333333333333,-1.2933333333333334,-2.0820000000000003,-1.7953333333333334,-2.151,-1.4986666666666666,-0.816,-1.3283333333333334,-1.0863333333333334,-0.5306666666666666,-1.319
1984,4,0.16766666666666669,-1.4126666666666665,-0.7613333333333334,-1.4396666666666667,-1.0183333333333333,-0.7903333333333333,-0.7919999999999999,-1.0363333333333333,-1.1216666666666666,-0.637,-0.8953333333333333
1984,5,0.2503333333333333,-0.5943333333333334,-1.0543333333333333,-1.0543333333333333,-0.18033333333333335,-0.7220000000000001,-0.7426666666666667,-0.74,-0.874,-0.786,-0.671
1984,6,0.28200000000000003,1.1346666666666667,-0.108,-0.14833333333333334,-0.17633333333333334,-0.306,-0.34099999999999997,0.26766666666666666,-0.272,-0.439,-0.04833333333333334
1984,7,0.21566666666666667,1.434,0.2533333333333333,0.6256666666666667,0.728,0.5056666666666667,0.43533333333333335,0.28700000000000003,0.231,-0.056333333333333346,0.43966666666666665
1984,8,0.883,1.299,1.393,1.2796666666666667,-0.24166666666666667,-0.16633333333333333,0.26566666666666666,-0.41233333333333333,-0.6233333333333333,-0.63,0.21166666666666664
1984,9,-1.432,-0.554,-0.6153333333333333,-0.6693333333333333,-0.12133333333333335,-0.4933333333333333,-0.129,-0.29233333333333333,0.09666666666666666,-0.025999999999999978,-0.369
1984,10,-2.26,-1.1476666666666666,-1.061,-1.0939999999999999,-0.4116666666666667,-0.9603333333333334,-1.1036666666666666,-0.06333333333333332,-0.633,0.011999999999999992,-0.8023333333333333
1984,11,-2.1069999999999998,-1.3986666666666667,-1.0386666666666666,-1.3493333333333333,-0.20833333333333331,-0.457,-1.1216666666666666,-0.26133333333333336,-0.583,-0.472,-0.844
1984,12,-1.5356666666666667,-1.1283333333333334,-1.16,-1.4866666666666666,-0.8183333333333334,-0.547,-0.7353333333333334,-0.713,-0.5876666666666667,-0.45266666666666666,-0.877
1985,1,-1.5953333333333333,-0.957,-1.4253333333333333,-1.6596666666666666,-1.326,-0.984,-0.6903333333333334,-1.136,-0.7513333333333333,-0.7463333333333334,-1.095
1985,2,-1.4383333333333335,-0.5246666666666666,-1.183,-1.357,-0.5026666666666666,-0.7116666666666667,-0.6516666666666666,-0.3416666666666667,-0.7836666666666667,-0.060000000000000005,-0.719
1985,3,-1.1873333333333334,-0.8059999999999999,-0.9086666666666666,-1.0376666666666665,-0.48433333333333334,-0.5416666666666666,-0.393,-0.296,-0.10566666666666666,0.26666666666666666,-0.48966666666666664
1985,4,-0.606,-0.08966666666666666,-0.3783333333333333,-0.24366666666666667,-0.6376666666666667,-0.11,0.07033333333333333,-0.6343333333333333,-0.32366666666666666,-0.31433333333333335,-0.32566666666666666
1985,5,-0.15966666666666668,-0.3323333333333333,-0.18933333333333333,-0.40166666666666667,0.0033333333333333305,-0.0076666666666666645,-0.22,-0.01200000000000001,-0.543,-0.032999999999999995,-0.19133333333333333
1985,6,-0.9159999999999999,-1.1266666666666667,-1.0633333333333335,-0.8899999999999999,-0.42833333333333334,-0.48733333333333334,-0.369,-0.44533333333333336,-0.829,-0.9253333333333332,-0.7296666666666667
1985,7,0.08233333333333333,-2.584,0.09599999999999999,-1.0373333333333334,-0.17033333333333334,-0.473,-0.714,-0.9416666666666667,-0.9076666666666666,-0.8706666666666667,-0.758
1985,8,1.2093333333333334,-0.26166666666666666,1.4456666666666667,0.5316666666666666,-0.896,-0.696,-0.474,-0.908,-1.0633333333333332,-0.7193333333333334,-0.2776666666666667
1985,9,0.42133333333333334,-0.8536666666666667,0.8246666666666667,-0.19333333333333333,0.6556666666666666,0.027000000000000007,-0.4196666666666667,-0.04233333333333333,-0.354,-0.7776666666666667,-0.10433333333333333
1985,10,-1.658,-0.18100000000000002,-0.5543333333333333,-0.5106666666666666,-0.5286666666666666,-0.05,-0.18266666666666667,-0.11233333333333333,0.17066666666666666,-0.5966666666666667,-0.38333333333333336
1985,11,-1.3253333333333333,0.034333333333333334,-0.8069999999999999,-0.5663333333333334,-1.0433333333333334,-0.6819999999999999,-0.5496666666666666,-0.33699999999999997,-0.157,-0.5636666666666666,-0.5786666666666667
1985,12,-2.6653333333333333,-1.2489999999999999,-2.378,-1.083,-1.3833333333333333,-1.0613333333333332,-0.7093333333333334,-0.7556666666666667,-0.7290000000000001,-0.867,-1.2103333333333333
1986,1,-1.4466666666666665,-0.274,-1.656,-0.544,-2.0263333333333335,-0.9296666666666666,-0.37366666666666665,-1.2836666666666667,-1.0106666666666666,-1.5316666666666667,-1.1106666666666667
1986,2,-1.3840000000000001,-0.5526666666666666,-1.8986666666666667,-0.7943333333333333,-1.2733333333333332,-0.7456666666666667,-0.37866666666666665,-1.0293333333333334,-1.267,-1.43,-1.0736666666666665
1986,3,-1.0050000000000001,-0.9776666666666667,-1.807,-1.3846666666666667,-1.432,-0.9666666666666667,-0.9043333333333333,-1.3286666666666667,-1.2173333333333334,-1.3699999999999999,-1.245
1986,4,-0.9163333333333333,-0.8033333333333333,-1.537,-1.302,-1.3826666666666667,-0.9973333333333333,-0.7633333333333333,-1.2466666666666666,-0.7113333333333334,-0.6456666666666667,-1.017
1986,5,-0.9756666666666667,-0.741,-1.1823333333333332,-0.24300000000000002,-0.9056666666666666,-0.909,-0.5863333333333334,-0.5176666666666667,-0.25,-0.33233333333333337,-0.6293333333333333
1986,6,-1.3960000000000001,-1.368,-1.627,-0.5349999999999999,-0.37133333333333335,-0.26466666666666666,-0.3426666666666667,-0.5693333333333334,-0.8626666666666666,-0.8063333333333333,-0.775
1986,7,-3.1663333333333332,-2.549,-2.3906666666666667,-1.407,-0.6136666666666666,-0.42533333333333334,-0.7336666666666667,-0.35633333333333334,-0.00766666666666668,-0.7683333333333333,-1.1116666666666666
1986,8,-1.8296666666666668,-0.8676666666666666,-1.0383333333333333,-0.5416666666666666,-0.012333333333333344,-0.48966666666666664,-0.8263333333333334,-0.2573333333333333,-0.27799999999999997,-0.25666666666666665,-0.586
1986,9,-1.176,-0.5846666666666667,-1.0243333333333333,0.238,-1.0813333333333333,-0.03000000000000001,-0.207,-0.8296666666666667,0.4336666666666667,-0.5106666666666667,-0.44233333333333336
1986,10,-1.3163333333333334,-0.5866666666666667,-1.6086666666666667,-0.9773333333333333,-0.8643333333333334,-0.7566666666666666,-1.1703333333333332,-0.7943333333333333,-0.591,-0.447,-0.886
1986,11,-1.6206666666666667,-1.152,-1.6986666666666668,-1.562,-0.277,-0.76,-0.95,-0.489,-0.6016666666666667,-0.29833333333333334,-0.884
1986,12,-1.4773333333333334,-1.6646666666666667,-1.1360000000000001,-1.448,-0.627,-0.27566666666666667,-0.324,-0.763,-0.38333333333333336,-0.6096666666666667,-0.8193333333333332
1987,1,-0.8926666666666667,-1.4493333333333334,-0.763,-1.0563333333333333,-0.6296666666666667,-0.5506666666666666,-0.19166666666666668,-0.7163333333333334,-0.37933333333333336,-0.612,-0.6893333333333334
1987,2,-0.7693333333333334,-0.7046666666666667,-0.5993333333333333,-0.4393333333333333,-0.17866666666666667,-0.59,-0.11166666666666666,-0.4666666666666667,-0.31233333333333335,-0.5953333333333334,-0.45266666666666666
1987,3,-1.0270000000000001,-0.5026666666666667,-1.0766666666666667,-0.5416666666666666,-0.8926666666666667,-0.9583333333333334,-0.10200000000000001,-0.7633333333333333,-0.36566666666666664,-0.5153333333333333,-0.6463333333333333
1987,4,-1.0916666666666668,0.18766666666666668,-0.989,-0.09166666666666667,-1.1026666666666667,-0.5706666666666667,-0.015666666666666672,-0.654,0.21366666666666667,0.33066666666666666,-0.3413333333333333
1987,5,-1.9303333333333335,-0.30333333333333334,-1.08,0.04733333333333334,-1.1903333333333335,-0.3693333333333333,-0.17033333333333334,-0.732,-0.021000000000000008,0.571,-0.4533333333333333
1987,6,-1.4726666666666666,-0.16766666666666666,-0.6733333333333333,-0.30233333333333334,-0.7376666666666667,-0.132,-0.5273333333333333,-0.44999999999999996,0.09700000000000003,0.007999999999999995,-0.40099999999999997
1987,7,-0.8943333333333333,-1.5396666666666667,-0.883,-1.0283333333333333,-1.407,-0.775,-0.649,-0.8296666666666667,-0.6333333333333333,-0.3183333333333333,-0.866
1987,8,-2.1066666666666665,-1.2926666666666666,-1.7416666666666667,-1.0230000000000001,-0.8043333333333333,-0.49533333333333335,-0.7203333333333333,-0.305,-0.18800000000000003,0.008999999999999996,-0.782
1987,9,-2.586666666666667,-0.4446666666666667,-1.8359999999999999,-0.6806666666666666,-1.0616666666666668,-0.624,-0.6246666666666667,-0.7443333333333334,-0.20333333333333334,-0.44666666666666666,-0.8566666666666667
1987,10,-1.831,-0.3466666666666667,-0.7673333333333333,-0.26466666666666666,-0.5513333333333333,-0.7003333333333333,-0.4666666666666667,0.06666666666666667,-0.5946666666666667,0.525,-0.43566666666666665
1987,11,-1.4773333333333334,-0.434,-0.4716666666666666,0.015333333333333329,0.004999999999999995,-0.229,-0.028000000000000004,0.5633333333333334,0.23466666666666666,0.834,-0.02066666666666667
1987,12,-1.8846666666666667,-0.796,-1.0883333333333334,0.17033333333333334,-0.555,-0.591,0.19066666666666665,-0.17266666666666666,0.11133333333333334,0.295,-0.3453333333333333
1988,1,-1.184,-0.030333333333333334,-0.30866666666666664,1.0666666666666667,0.3713333333333333,0.294,0.5796666666666667,0.3466666666666667,0.654,0.7103333333333334,0.318
1988,2,-1.0070000000000001,0.183,-0.8106666666666668,0.7563333333333333,-0.37966666666666665,-0.012333333333333339,0.325,0.19133333333333333,0.8046666666666666,0.987,0.17366666666666666
1988,3,-0.8123333333333334,-0.496,-0.44733333333333336,-0.178,-0.7436666666666667,-0.16066666666666668,0.08099999999999999,0.044333333333333336,0.6256666666666667,0.9736666666666667,-0.039
1988,4,-0.123,-0.011000000000000001,-0.353,0.5993333333333333,-0.613,-0.125,0.014333333333333318,-0.5489999999999999,-0.29633333333333334,-0.04800000000000001,-0.15866666666666668
1988,5,-0.5216666666666667,0.022,-0.473,0.8756666666666666,-0.551,-0.15533333333333332,-0.38366666666666666,-0.535,-0.8143333333333332,0.5216666666666667,-0.20466666666666666
1988,6,-0.4556666666666667,0.32566666666666666,-0.937,0.739,-0.5499999999999999,-0.31766666666666665,-0.658,-0.14966666666666667,-0.756,0.06966666666666667,-0.2763333333333333
1988,7,-0.11,-0.6133333333333333,-0.9356666666666666,-0.23100000000000004,0.321,-0.35333333333333333,-1.2036666666666667,0.349,-0.154,0.598,-0.20533333333333334
1988,8,0.26533333333333337,-0.7613333333333334,-0.449,-0.7656666666666667,-0.516,-0.8420000000000001,-0.993,-0.11566666666666668,-0.8583333333333334,0.172,-0.49266666666666664
1988,9,-0.24266666666666667,-0.4046666666666667,-0.37333333333333335,-0.20233333333333334,-0.56466666666666665,-0.5113333333333333,-0.6943333333333334,-0.156,-0.22666666666666668,0.598,-0.2603333333333333
1988,10,-1.1676666666666666,-0.4986666666666667,-1.0326666666666666,-0.3996666666666666,-0.765,-0.7593333333333333,-0.5743333333333334,-0.578,-0.459,-0.17266666666666666,-0.6106666666666667
1988,11,-1.7883333333333333,-1.4223333333333332,-1.554,-1.4106666666666667,-0.777,-1.0206666666666666,-1.024,-0.7036666666666667,-0.8523333333333333,-0.6083333333333334,-1.0666666666666667
1988,12,-1.83,-0.9436666666666667,-1.681,-1.064,-1.1139999999999999,-1.0303333333333333,-1.0483333333333333,-0.9743333333333334,-1.0446666666666666,-1.0513333333333332,-1.1523333333333334
1989,1,-0.8503333333333333,-0.45166666666666666,-0.32333333333333336,-0.459,-0.347,0.12633333333333333,0.16333333333333333,-0.052,-0.5436666666666666,-0.5563333333333333,-0.31833333333333336
1989,2,-0.16866666666666666,-0.013000000000000013,0.267,0.08833333333333333,-0.34833333333333333,0.2786666666666667,0.178,-0.20433333333333334,-0.254,-0.33666666666666667,-0.06833333333333333
1989,3,-0.32866666666666666,-0.2633333333333333,0.10066666666666665,-0.18866666666666668,-0.38166666666666665,-0.0036666666666666536,0.4956666666666667,-0.6556666666666666,-0.267,-0.9836666666666667,-0.26233333333333336
1989,4,0.037,-0.16766666666666669,0.49066666666666664,0.156,0.2593333333333333,-0.021666666666666667,-0.10433333333333333,-0.26666666666666666,-0.136,-0.29866666666666664,-0.022333333333333337
1989,5,-0.13666666666666666,-0.7916666666666666,-0.15866666666666668,-0.6003333333333334,-0.9556666666666667,-0.5713333333333334,-0.5776666666666667,-0.8986666666666666,0.13133333333333336,-0.14166666666666666,-0.4646666666666667
1989,6,-1.8479999999999999,-1.5366666666666666,-1.1766666666666667,-0.848,-1.1226666666666667,-0.512,-0.7686666666666666,-0.5803333333333334,-0.17766666666666667,0.16033333333333336,-0.7686666666666666
1989,7,-1.4769999999999999,-1.13,-1.0336666666666665,-0.9416666666666667,-0.9393333333333334,-0.7053333333333334,-0.7213333333333333,-0.587,-0.473,0.10966666666666666,-0.7386666666666667
1989,8,0.103,0.8226666666666667,-0.8633333333333333,-0.42133333333333334,-1.5153333333333332,-0.882,-1.333,-0.587,-0.6756666666666666,0.013000000000000003,-0.573
1989,9,-0.476,-0.22333333333333333,-0.6346666666666666,0.16533333333333333,-0.26433333333333336,-0.08433333333333334,-0.2876666666666667,-0.05466666666666667,-0.43000000000000005,0.05466666666666666,-0.212
1989,10,-1.2666666666666666,0.25566666666666665,-0.7996666666666666,-0.7943333333333333,-0.6483333333333333,-0.41833333333333333,-0.7966666666666666,-0.5436666666666666,-0.3056666666666667,-0.31433333333333335,-0.5536666666666666
1989,11,-0.3773333333333333,0.22866666666666666,-0.129,-1.149,-0.4116666666666667,-0.09166666666666667,-0.8396666666666667,-0.5956666666666667,-0.7113333333333334,-0.6343333333333333,-0.5093333333333333
1989,12,-0.5063333333333333,0.15266666666666664,-0.278,-1.1480000000000001,-0.15066666666666667,-0.3883333333333333,-0.806,-0.9339999999999999,-1.0246666666666666,-1.1966666666666668,-0.6756666666666666
1990,1,-0.38466666666666666,-0.09300000000000001,-0.26,-1.198,-0.289,-0.5493333333333333,-0.387,-0.866,-0.8046666666666666,-0.9066666666666666,-0.6016666666666667
1990,2,-0.369,0.5816666666666667,-0.137,-0.30333333333333334,0.014999999999999994,-0.20299999999999999,0.054666666666666676,0.11633333333333333,-0.02966666666666665,-0.19266666666666662,-0.04966666666666666
1990,3,0.6326666666666667,1.254,0.8846666666666666,0.7236666666666667,0.897,0.19199999999999998,0.20433333333333334,-0.07100000000000001,-0.09966666666666667,-0.46166666666666667,0.3473333333333333
1990,4,0.6543333333333333,1.081,0.953,0.21033333333333334,-0.03433333333333334,-0.3056666666666667,-0.137,-1.073,-0.42333333333333334,-0.47833333333333333,-0.03933333333333333
1990,5,0.494,0.6053333333333334,0.36433333333333334,-0.28600000000000003,-0.41500000000000004,-0.576,-0.11699999999999999,-0.334,-0.7196666666666667,-0.09466666666666666,-0.15233333333333335
1990,6,-0.08766666666666664,0.3403333333333334,-0.18433333333333335,-0.10733333333333334,-0.5343333333333333,0.17966666666666664,-0.18466666666666665,-0.33766666666666667,-0.2026666666666667,-0.42366666666666664,-0.17866666666666667
1990,7,-0.044333333333333336,0.4533333333333333,0.16233333333333336,-0.2856666666666667,0.5083333333333333,0.543,-0.827,-0.14966666666666667,0.427,-0.03933333333333334,0.054999999999999986
1990,8,0.47333333333333333,0.5153333333333333,0.9986666666666666,-0.2796666666666667,0.7406666666666667,-0.03433333333333334,-0.5843333333333334,-0.46166666666666667,-0.6773333333333333,-0.5993333333333334,-0.062
1990,9,0.41300000000000003,0.562,0.6646666666666667,0.2693333333333333,-0.08666666666666667,-0.07366666666666667,0.14133333333333334,-0.996,-0.438,-1.185,-0.14433333333333334
1990,10,1.0996666666666666,1.4246666666666667,0.4043333333333333,0.707,-0.26,-0.40199999999999997,0.16933333333333334,-0.9299999999999999,0.052333333333333336,-0.954,0.05066666666666667
1990,11,0.9246666666666666,1.4413333333333334,0.666,1.2723333333333333,0.337,-0.134,-0.22433333333333333,-0.08733333333333333,0.055,-0.128,0.349
1990,12,0.9553333333333333,2.4536666666666664,0.8243333333333334,1.5443333333333333,0.277,-0.20066666666666666,-0.010666666666666665,-0.27066666666666667,0.08900000000000001,-0.715,0.40066666666666667
1991,1,0.16033333333333333,2.005,-0.11166666666666666,0.953,-0.18733333333333332,-0.7003333333333334,-0.46599999999999997,-0.5106666666666666,-0.293,-0.581,-0.037000000000000005
1991,2,0.499,1.2186666666666666,-0.1366666666666667,0.374,0.12966666666666668,-0.9413333333333334,-0.877,-0.14666666666666667,-0.5943333333333334,-0.7050000000000001,-0.18933333333333335
1991,3,0.26966666666666667,0.616,-0.3,0.5306666666666667,0.08333333333333333,-0.6156666666666667,-0.3486666666666667,-0.008666666666666668,0.11800000000000001,-0.254,-0.010666666666666666
1991,4,0.395,1.4243333333333332,0.08433333333333333,1.5303333333333333,-0.3403333333333333,0.29,0.29066666666666663,-0.42,0.6513333333333333,-0.05833333333333333,0.34833333333333333
1991,5,0.39,0.894,-0.27066666666666667,1.4056666666666666,-1.0236666666666667,-0.195,0.14400000000000002,-0.7193333333333334,-0.19133333333333336,-0.5086666666666666,-0.05333333333333333
1991,6,1.179,1.472,-0.18866666666666668,1.1400000000000001,-0.47100000000000003,0.404,0.5736666666666667,0.8026666666666666,1.0816666666666666,0.12100000000000001,0.595
1991,7,0.5389999999999999,0.18766666666666668,-0.664,0.039333333333333324,-0.5543333333333333,0.44666666666666666,0.6476666666666667,0.20800000000000002,1.1326666666666667,-0.030333333333333323,0.21766666666666665
1991,8,-0.7953333333333332,-0.9596666666666667,-1.9436666666666667,-1.2309999999999999,-1.198,-0.25633333333333336,0.016999999999999998,-0.39,0.4776666666666667,-0.057,-0.5623333333333334
1991,9,-0.01933333333333333,-1.2963333333333333,-0.587,-0.9953333333333334,-0.49666666666666665,-0.18133333333333335,-0.4036666666666666,-0.21966666666666665,-0.4066666666666667,-0.20433333333333334,-0.4663333333333334
1991,10,-0.40099999999999997,-0.894,-1.101,-0.19266666666666665,-1.4156666666666666,-0.5006666666666667,0.9199999999999999,-1.017,-0.7006666666666667,-0.8843333333333333,-0.6046666666666667
1991,11,-0.7436666666666667,-1.1736666666666666,-0.9416666666666667,-0.615,-1.151,-0.726,0.23866666666666667,-1.202,-0.5836666666666667,-1.3853333333333333,-0.819
1991,12,0.07333333333333333,0.008666666666666684,0.24766666666666665,0.19066666666666668,0.16733333333333336,-0.20566666666666666,0.357,-0.5856666666666667,-0.174,-0.584,-0.06966666666666667
1992,1,0.4633333333333333,0.026000000000000006,0.497,0.39366666666666666,0.2653333333333333,0.04033333333333333,0.10133333333333334,-0.314,0.16766666666666666,-0.201,0.12266666666666667
1992,2,-0.15633333333333332,-0.31766666666666665,0.293,-0.187,0.079,0.006000000000000001,-0.11066666666666668,-0.364,-0.034666666666666665,-0.38,-0.12433333333333334
1992,3,0.6086666666666667,0.29033333333333333,0.7396666666666667,0.21633333333333332,-0.15433333333333335,0.3953333333333333,0.012666666666666668,-0.196,0.6856666666666666,0.37466666666666665,0.2803333333333333
1992,4,-0.13866666666666663,-0.25733333333333336,0.04033333333333334,-0.3863333333333333,-0.20800000000000002,0.3526666666666667,0.27,-0.48033333333333333,0.2683333333333333,0.286,-0.011666666666666659
1992,5,-0.28933333333333333,-0.355,-0.547,-1.0070000000000001,-0.9286666666666666,-0.10666666666666666,-0.628,-0.899,-0.20233333333333334,-0.217,-0.5243333333333333
1992,6,-0.42766666666666664,0.299,-0.8433333333333333,-1.059,-0.665,-0.6906666666666667,-1.0553333333333332,-0.6536666666666666,-0.6123333333333334,-0.5196666666666666,-0.6436666666666666
1992,7,0.052000000000000025,-0.08566666666666668,-0.32433333333333336,-2.1713333333333336,-0.4593333333333333,-0.9543333333333334,-1.586,-0.8956666666666667,-0.9026666666666666,-0.49933333333333335,-0.8253333333333334
1992,8,-1.4143333333333334,-1.0803333333333334,-1.2,-1.4869999999999999,-0.5206666666666666,-1.211,-1.2373333333333334,-0.094,-0.7256666666666667,0.2776666666666667,-0.8126666666666666
1992,9,-0.7246666666666667,-2.2076666666666664,-0.23433333333333334,-1.7573333333333334,-0.281,-0.7503333333333333,-1.5846666666666667,-0.505,-0.9076666666666667,-0.7363333333333334,-0.959
1992,10,-0.6713333333333333,-1.3543333333333334,-0.6673333333333333,-1.5426666666666666,-1.1503333333333334,-0.9853333333333333,-1.5926666666666667,-0.873,-0.876,-0.6626666666666666,-1.0416666666666665
1992,11,0.124,-0.24433333333333335,-0.314,-1.1946666666666665,-0.9013333333333333,-0.723,-1.4053333333333333,-1.2086666666666668,-1.2376666666666667,-1.214,-0.9013333333333333
1992,12,-0.07833333333333334,-0.39266666666666666,-0.10866666666666668,-0.9643333333333334,-0.44666666666666666,-0.195,-0.659,-0.5686666666666667,-0.8083333333333333,-0.643,-0.5183333333333333
1993,1,-0.0046666666666666705,-0.6163333333333333,0.414,-0.44433333333333336,0.13233333333333333,0.44766666666666666,0.16,0.016333333333333328,0.013999999999999997,-0.402,-0.03166666666666666
1993,2,0.048,-0.083,0.39533333333333337,0.18633333333333332,0.06999999999999999,0.184,0.22466666666666665,-0.17066666666666666,-0.3173333333333333,-0.7106666666666667,-0.044000000000000004
1993,3,-0.123,0.01100000000000001,-0.057,0.09533333333333335,-0.5723333333333334,-0.23700000000000002,-0.11266666666666666,-0.8716666666666666,-0.7056666666666667,-0.9496666666666667,-0.3973333333333333
1993,4,0.36233333333333334,-0.054,-0.15933333333333333,-0.08133333333333333,-0.409,-0.7166666666666666,-0.5483333333333333,-0.6056666666666667,-0.79,-0.629,-0.4076666666666667
1993,5,0.050333333333333334,-0.27466666666666667,-0.7583333333333333,-0.6516666666666667,-1.105,-1.4653333333333334,-0.8126666666666666,-0.6063333333333334,-0.332,0.309,-0.555
1993,6,-0.9046666666666666,-1.3573333333333333,-1.4246666666666667,-1.0456666666666667,-1.1846666666666668,-0.6906666666666667,-0.6976666666666667,-0.517,-0.5756666666666667,0.040666666666666663,-0.79
1993,7,-1.5826666666666667,-1.9886666666666666,-2.1436666666666664,-2.3003333333333336,-1.9096666666666668,-1.2493333333333334,-1.2186666666666666,-0.246,-0.27299999999999996,0.5493333333333333,-1.1346666666666667
1993,8,-3.6660000000000004,-2.5583333333333336,-4.204,-2.784,-2.0416666666666665,-1.039,-1.1016666666666666,-0.41466666666666663,-0.23866666666666667,0.31366666666666665,-1.5886666666666667
1993,9,-2.341666666666667,-1.4823333333333333,-2.2906666666666666,-1.3976666666666666,-0.7733333333333333,-0.6386666666666667,-0.36133333333333334,-0.6066666666666667,0.20833333333333334,-0.3433333333333333,-0.895
1993,10,-1.289,-0.849,-1.2116666666666667,-1.333,-0.771,-0.5346666666666666,-1.0266666666666666,-0.591,-0.38566666666666666,-0.2816666666666667,-0.7933333333333333
1993,11,-0.6493333333333333,-1.1166666666666667,-1.066,-1.257,-0.5366666666666666,-0.18966666666666668,-0.502,-0.08133333333333333,-0.19933333333333333,-0.014333333333333333,-0.519
1993,12,-0.12833333333333333,-0.4286666666666667,-0.7943333333333333,-0.31466666666666665,-0.6006666666666667,0.15966666666666665,0.09233333333333334,-0.45966666666666667,0.016333333333333335,-0.20366666666666666,-0.25433333333333336
1994,1,-0.366,-0.474,-0.612,-0.13399999999999998,-0.111,0.03366666666666666,0.08766666666666667,-0.2643333333333333,0.07466666666666667,0.04,-0.14633333333333332
1994,2,-0.07333333333333332,0.21799999999999997,-0.314,-0.4093333333333333,-0.5486666666666666,-0.20133333333333334,-0.13633333333333333,-0.37833333333333335,-0.25266666666666665,0.05066666666666667,-0.21533333333333335
1994,3,-0.223,-0.09366666666666666,-0.459,-0.7793333333333333,-0.7216666666666667,-0.07366666666666667,-0.4623333333333333,-0.56466666666666665,-0.4723333333333333,-0.7073333333333334,-0.48233333333333334
1994,4,-0.5756666666666667,0.078,-0.867,0.006000000000000004,-0.643,-0.21166666666666667,-0.3636666666666667,0.16633333333333333,-0.325,0.19466666666666665,-0.23866666666666667
1994,5,-1.1636666666666666,-0.22333333333333333,-0.8573333333333334,0.1383333333333333,-0.249,0.2316666666666667,-0.276,0.11,-0.24333333333333332,-0.229,-0.249
1994,6,-0.654,-0.18300000000000005,-0.588,0.37866666666666665,0.17533333333333334,0.2513333333333333,0.16033333333333333,0.271,0.3006666666666667,0.17533333333333334,0.06799999999999999
1994,7,0.5063333333333333,0.8039999999999999,1.0573333333333335,0.5403333333333333,2.1756666666666664,0.7929999999999999,0.008,0.8793333333333333,0.21366666666666667,0.096,0.6789999999999999
1994,8,2.0766666666666667,1.6526666666666667,1.9526666666666668,1.9963333333333333,0.07066666666666668,0.05766666666666665,0.19766666666666666,-0.5503333333333333,-0.6166666666666666,-0.8496666666666667,0.4543333333333333
1994,9,1.557,0.667,1.5616666666666665,0.7010000000000001,0.464,0.11433333333333334,0.13999999999999999,-0.4786666666666667,-0.35433333333333333,-0.6283333333333333,0.279
1994,10,-0.42533333333333334,0.365,0.022333333333333344,1.1056666666666666,-0.36733333333333335,-0.04566666666666667,0.7273333333333333,-1.0343333333333333,-0.41133333333333333,-1.0123333333333333,-0.13799999999999998
1994,11,-0.03333333333333334,0.8123333333333334,0.2783333333333333,0.7783333333333333,0.15166666666666667,6.666666666666644e-4,0.278,-0.3893333333333333,-0.36066666666666664,-0.7913333333333333,0.02966666666666666
1994,12,0.5396666666666666,0.33566666666666667,0.8743333333333333,0.204,0.9956666666666667,0.22599999999999998,0.028666666666666663,0.4653333333333333,-0.079,0.06833333333333333,0.34
1995,1,0.16566666666666668,0.18733333333333332,0.41033333333333333,0.5823333333333334,0.22766666666666666,0.43166666666666664,0.14833333333333334,0.147,-0.05766666666666667,0.023,0.21066666666666667
1995,2,0.133,-0.08866666666666666,0.07100000000000001,0.019999999999999993,-0.17666666666666667,-0.11266666666666668,-0.08866666666666667,-0.43,-0.307,-0.41100000000000003,-0.16166666666666665
1995,3,0.48733333333333334,-0.19966666666666666,0.2026666666666667,-0.4716666666666667,-0.09066666666666666,-0.394,-0.35533333333333333,-0.8406666666666667,-0.7316666666666667,-0.5276666666666666,-0.339
1995,4,0.058333333333333334,-0.6533333333333333,-0.061666666666666675,-1.2106666666666666,-0.514,-0.020000000000000004,-0.7156666666666667,-0.5133333333333333,0.16399999999999998,0.016999999999999984,-0.3443333333333333
1995,5,0.476,-0.023000000000000017,-0.24166666666666667,-0.666,-0.8906666666666667,-0.013333333333333336,-0.30433333333333334,-0.744,0.08000000000000002,-0.28533333333333333,-0.2866666666666667
1995,6,-0.938,-0.9533333333333334,-1.676,-0.7186666666666667,-0.8856666666666667,-0.255,-0.5386666666666667,-0.7073333333333334,-0.35200000000000004,-0.04500000000000001,-0.666
1995,7,-0.10533333333333332,0.09233333333333332,-0.8713333333333333,-0.13266666666666668,-0.44033333333333335,-0.266,-0.36966666666666664,-0.3243333333333333,0.13899999999999998,0.05733333333333333,-0.21166666666666667
1995,8,-0.095,-0.19433333333333333,-0.008999999999999989,0.24766666666666667,0.33666666666666667,0.7076666666666667,0.8186666666666667,-0.018000000000000002,0.9863333333333334,0.06433333333333334,0.31633333333333336
1995,9,-1.8966666666666667,-1.0986666666666667,-0.9693333333333334,-0.7733333333333334,-0.285,-0.08433333333333334,0.20466666666666666,0.168,0.25033333333333335,0.30933333333333335,-0.32233333333333336
1995,10,-0.5513333333333333,-0.081,-0.29866666666666664,-0.31533333333333335,-0.25866666666666666,-0.004333333333333343,0.05733333333333333,0.008333333333333331,0.03933333333333334,0.6436666666666666,-0.044000000000000004
1995,11,-1.1533333333333333,-0.1,-1.072,-0.25966666666666666,-0.8446666666666667,-0.41333333333333333,-0.32,-0.5473333333333333,-0.42333333333333334,0.2293333333333333,-0.46
1995,12,-0.41433333333333333,-0.10466666666666664,-1.1253333333333333,-1.217,-1.1343333333333332,-0.8736666666666667,-0.9483333333333333,-0.7373333333333333,-0.7176666666666667,-0.325,-0.7663333333333333
1996,1,-0.19033333333333333,-0.6066666666666667,-0.8496666666666667,-1.4583333333333333,-0.5273333333333333,-0.845,-0.9886666666666667,-0.311,-0.5103333333333333,-0.49366666666666664,-0.6763333333333333
1996,2,-0.4633333333333333,-0.47633333333333333,-1.1353333333333333,-0.42366666666666664,-0.9076666666666666,-0.48000000000000004,-0.6153333333333333,-0.5806666666666667,-0.38166666666666665,-0.8236666666666667,-0.63
1996,3,-0.5933333333333333,-0.6543333333333333,-0.9743333333333334,-0.7783333333333333,-1.1023333333333334,-0.5726666666666667,-0.5433333333333333,-0.649,-0.4653333333333333,-0.41433333333333333,-0.6633333333333333
1996,4,-0.878,-0.193,-1.4953333333333334,-0.23233333333333334,-1.1736666666666666,-0.905,-0.6563333333333333,-1.144,-0.8716666666666666,-1.0193333333333334,-0.8683333333333333
1996,5,-1.338,-0.8606666666666667,-1.3786666666666667,-1.2606666666666668,-0.712,-1.028,-1.1406666666666667,-1.64,-1.7053333333333334,-1.6486666666666667,-1.2953333333333332
1996,6,-1.4273333333333333,-1.3966666666666667,-1.366,-1.5913333333333333,0.073,-0.17166666666666666,-0.7483333333333333,-0.06333333333333334,-0.7333333333333333,-0.20366666666666666,-0.7093333333333334
1996,7,-2.7376666666666667,-1.4373333333333334,-2.0693333333333332,-1.2706666666666666,-0.5223333333333333,-0.08999999999999998,-0.764,0.13266666666666668,-0.4033333333333333,0.22799999999999998,-0.786
1996,8,-1.1360000000000001,-1.5076666666666667,-0.11966666666666667,-0.6296666666666667,0.656,-0.07,-0.351,-0.41100000000000003,-0.687,-0.88,-0.4953333333333333
1996,9,0.264,-0.5556666666666666,-0.121,-1.5136666666666667,0.8686666666666667,-0.29033333333333333,-1.1733333333333333,0.2523333333333333,-0.2543333333333333,-0.11633333333333334,-0.26933333333333337
1996,10,-0.7043333333333334,-0.39166666666666666,-0.538,-0.9566666666666667,-0.07433333333333332,-0.621,-1.2203333333333333,-0.2713333333333333,-1.1423333333333334,-0.311,-0.6336666666666666
1996,11,-0.8276666666666667,-0.45099999999999996,-0.49633333333333335,0.4126666666666667,0.374,-0.13766666666666666,-0.7246666666666667,0.435,-0.42133333333333334,0.383,-0.11633333333333333
1996,12,-1.0656666666666668,-0.5136666666666667,-0.622,0.23833333333333334,-0.365,-0.669,-0.5263333333333333,-0.4066666666666667,-0.5006666666666667,-0.29100000000000004,-0.452
1997,1,-0.35500000000000004,0.5893333333333333,-0.03266666666666667,0.9046666666666666,0.2603333333333333,-0.09733333333333333,-0.274,-0.195,-0.2763333333333333,-0.628,-0.037333333333333336
1997,2,-0.111,0.6913333333333334,-0.10266666666666666,0.9036666666666666,-0.06933333333333333,-0.25766666666666665,-0.40800000000000003,-0.16699999999999998,-0.15866666666666668,-0.7266666666666667,-0.08099999999999999
1997,3,-0.44266666666666665,0.15366666666666665,-0.14266666666666666,0.06366666666666668,0.5656666666666667,-0.08766666666666667,-0.18166666666666667,0.43733333333333335,0.059000000000000004,-0.171,0.03666666666666667
1997,4,0.08133333333333333,0.2816666666666667,0.22633333333333333,0.3383333333333333,0.23833333333333334,0.32566666666666666,0.42833333333333334,0.10366666666666667,0.3516666666666667,0.23733333333333334,0.266
1997,5,-0.97,-1.017,-0.4056666666666666,0.07033333333333333,0.29233333333333333,0.5546666666666666,0.644,0.06433333333333334,0.411,-0.251,-0.005333333333333329
1997,6,-0.9239999999999999,-1.445,0.03900000000000003,-0.5523333333333333,0.44966666666666666,-0.05366666666666666,0.218,-0.345,-0.6706666666666666,-1.0846666666666667,-0.42233333333333334
1997,7,-0.16766666666666666,-0.46900000000000003,0.03866666666666668,0.15666666666666668,0.11233333333333333,-0.575,0.14966666666666667,-0.7136666666666667,-0.5066666666666667,-0.801,-0.29133333333333333
1997,8,-0.6836666666666666,-1.1203333333333334,-0.492,-0.56033333333333335,0.22366666666666665,-0.5860000000000001,-0.08466666666666668,-0.8683333333333333,-0.6836666666666666,-1.21,-0.603
1997,9,-0.5163333333333333,-0.938,-0.2843333333333333,-0.5223333333333333,-0.298,-0.3953333333333333,-0.21833333333333332,-0.7483333333333333,-0.6206666666666667,-0.7026666666666667,-0.5253333333333333
1997,10,-1.3393333333333333,-1.0123333333333333,-0.993,-0.927,-0.5786666666666667,-0.6633333333333333,-0.747,-0.44166666666666665,-0.7026666666666667,-3.333333333333313e-4,-0.7000000000000001
1997,11,-1.0346666666666666,0.10533333333333332,-0.7729999999999999,-0.4176666666666667,0.0036666666666666666,-0.225,-0.224,-0.013,-0.6056666666666667,-0.16433333333333333,-0.31733333333333336
1997,12,-0.4756666666666667,0.3446666666666667,-0.17633333333333334,0.01,0.09133333333333332,0.30633333333333335,0.35366666666666663,0.417,-0.07266666666666667,-0.033,0.08866666666666666
1998,1,-0.428,0.41033333333333333,0.07933333333333333,0.6263333333333333,0.42366666666666664,0.7723333333333333,0.7156666666666667,0.8483333333333333,0.4946666666666667,0.23866666666666667,0.445
1998,2,-0.5306666666666666,-0.224,0.25166666666666665,0.23733333333333334,1.015,1.0366666666666666,0.7803333333333333,0.6523333333333333,0.6396666666666667,0.6883333333333334,0.5103333333333333
1998,3,-0.09299999999999999,0.17099999999999999,0.262,-0.22266666666666668,0.839,0.4463333333333333,0.5486666666666666,0.24966666666666668,0.337,0.8163333333333334,0.3646666666666667
1998,4,0.7803333333333333,0.143,1.3626666666666667,0.7256666666666667,1.059,1.59,1.5846666666666667,1.044,1.3106666666666666,1.1396666666666666,1.1053333333333333
1998,5,1.5026666666666666,0.061333333333333344,2.035,1.2536666666666667,1.4746666666666666,2.2863333333333333,2.157,1.7916666666666667,2.352666666666667,1.138,1.639
1998,6,1.897,0.6819999999999999,0.7793333333333333,0.3796666666666667,-0.16499999999999998,0.9136666666666666,1.4613333333333334,0.24166666666666667,0.9403333333333334,0.084,0.6880000000000001
1998,7,0.106,1.534,0.028666666666666674,0.645,0.8853333333333334,0.614,0.519,0.36933333333333335,0.41033333333333333,0.44433333333333336,0.5483333333333333
1998,8,-1.533,0.8653333333333333,-0.6639999999999999,-0.4766666666666667,0.6996666666666667,0.7873333333333333,-0.066,0.7833333333333333,1.092,1.2086666666666666,0.3466666666666667
1998,9,0.3393333333333333,0.513,0.9159999999999999,0.33199999999999996,0.34099999999999997,0.485,0.197,0.446,0.533,0.9756666666666667,0.509
1998,10,1.1513333333333333,0.5526666666666666,1.0843333333333334,1.028,0.815,0.561,0.7,0.8223333333333334,0.772,0.9446666666666667,0.8386666666666667
1998,11,0.849,0.108,0.439,0.9283333333333333,0.7323333333333334,0.481,0.7503333333333333,0.968,1.1223333333333332,1.083,0.78
1998,12,0.12533333333333335,-0.36,0.4226666666666667,1.115,0.8403333333333334,0.8656666666666667,1.0393333333333332,0.9296666666666668,1.081,0.9726666666666667,0.758
1999,1,-0.261,-0.3696666666666667,0.5466666666666666,1.3693333333333333,1.17,0.9126666666666666,0.8963333333333333,1.0066666666666666,0.9126666666666666,0.8986666666666666,0.766
1999,2,-0.462,-0.322,0.18333333333333332,1.6023333333333334,1.0583333333333333,0.65,0.9896666666666667,0.4713333333333333,0.6676666666666666,0.5716666666666667,0.6013333333333334
1999,3,-0.613,-0.06933333333333334,0.3333333333333333,1.9283333333333335,0.5856666666666667,0.5026666666666667,0.8626666666666667,0.8803333333333333,0.9856666666666667,0.832,0.6933333333333334
1999,4,-0.428,0.44033333333333335,0.29633333333333334,1.6796666666666666,0.305,0.2593333333333333,0.5760000000000001,0.269,0.5756666666666667,0.21566666666666667,0.438
1999,5,0.15766666666666668,0.16733333333333333,0.369,1.2913333333333334,0.3486666666666667,0.068,0.6856666666666666,-0.266,-0.03666666666666666,-0.5156666666666667,0.20833333333333334
1999,6,0.5529999999999999,0.501,0.442,1.54,0.269,0.5193333333333333,1.322,0.10966666666666666,0.6763333333333333,-0.2623333333333333,0.5596666666666666
1999,7,0.7473333333333334,0.6283333333333333,-0.13699999999999998,1.429,-0.8436666666666667,-0.09466666666666666,1.2783333333333333,-0.17166666666666666,-0.32533333333333336,-0.05266666666666667,0.22333333333333333
1999,8,1.1583333333333332,1.9563333333333335,0.35566666666666663,1.9473333333333334,-0.9026666666666666,-0.248,0.9116666666666666,-0.316,-0.6256666666666667,-0.11433333333333333,0.33466666666666667
1999,9,0.942,1.4786666666666668,0.7273333333333334,1.7803333333333333,0.5163333333333333,0.98,1.3086666666666666,0.5323333333333333,0.8356666666666667,0.12266666666666667,0.8946666666666667
1999,10,-0.515,1.0413333333333332,0.7566666666666667,1.952,0.4886666666666667,1.1976666666666667,1.39,0.625,1.2016666666666667,0.48133333333333334,0.8876666666666667
1999,11,0.5026666666666667,1.1436666666666666,1.1526666666666667,1.2256666666666667,0.03900000000000001,0.508,0.4013333333333333,0.08133333333333333,0.3066666666666667,0.297,0.526
1999,12,0.46366666666666667,0.4613333333333333,0.769,1.209,-0.203,0.06466666666666666,0.09233333333333334,-0.38666666666666666,-0.20366666666666666,0.20133333333333334,0.208
2000,1,0.7993333333333333,1.3679999999999999,1.0403333333333333,2.502666666666667,0.37033333333333335,0.5203333333333333,0.5896666666666667,0.355,0.15766666666666668,0.45933333333333337,0.771
2000,2,-0.030999999999999996,1.3126666666666666,-0.043333333333333314,1.5219999999999998,-0.2966666666666667,0.104,0.429,-0.12266666666666666,-0.118,-0.13999999999999999,0.22266666666666665
2000,3,-0.391,0.81033333333333335,-0.43733333333333335,0.6993333333333334,-0.23866666666666667,-0.05833333333333334,-0.2,0.20566666666666666,-0.4693333333333333,-0.252,-0.059666666666666666
2000,4,-0.599,1.5563333333333333,-0.714,0.9603333333333334,-0.45166666666666666,-0.5523333333333333,-0.13233333333333333,0.081,-0.5803333333333334,0.096,-0.056666666666666664
2000,5,0.18033333333333335,2.0116666666666667,-0.2723333333333333,1.5873333333333335,0.5723333333333334,3.333333333333267e-4,0.16733333333333333,0.367,-0.588,-0.396,0.31133333333333335
2000,6,-0.7789999999999999,1.0876666666666668,0.085,1.4396666666666667,0.34099999999999997,0.3436666666666667,1.189,0.38133333333333336,0.3363333333333334,0.20333333333333334,0.486
2000,7,0.5943333333333333,1.0843333333333334,0.5423333333333333,1.209,1.1436666666666666,-0.053666666666666675,0.8466666666666667,0.20533333333333334,-0.9113333333333333,-0.28600000000000003,0.38866666666666666
2000,8,1.2409999999999999,1.0253333333333334,0.659,0.8263333333333333,0.11133333333333334,-0.5443333333333333,-0.017666666666666664,-0.822,-1.108,-0.439,-3.333333333333319e-4
2000,9,-0.10333333333333333,0.9746666666666667,0.04666666666666668,1.0213333333333334,-0.611,-0.13766666666666666,0.5133333333333333,-1.0023333333333333,-0.6196666666666667,-0.5443333333333333,-0.09299999999999999
2000,10,0.22,1.072,0.18233333333333332,1.112,0.5476666666666666,0.2766666666666666,0.64,0.213,0.5479999999999999,0.6493333333333333,0.5503333333333333
2000,11,-0.12666666666666668,-0.7213333333333333,0.327,0.729,0.08700000000000001,0.8250000000000001,0.9726666666666667,0.334,1.5806666666666667,0.6953333333333334,0.5346666666666666
2000,12,-0.365,-0.963,0.11,0.7126666666666667,0.406,0.6003333333333334,0.7526666666666667,0.765,1.42,0.6106666666666667,0.48333333333333334
2001,1,-1.083,-1.2706666666666666,-0.8186666666666667,0.10200000000000001,0.4003333333333333,0.333,0.24,0.8456666666666667,0.8763333333333333,0.6806666666666666,0.13533333333333333
2001,2,-0.32233333333333336,-1.0316666666666667,0.04566666666666667,1.1876666666666666,0.548,0.405,0.547,0.9273333333333333,0.9053333333333333,0.6843333333333333,0.4766666666666666
2001,3,-0.5326666666666666,-0.04366666666666668,0.07833333333333334,1.733,0.41200000000000003,0.15633333333333332,0.36433333333333334,0.7773333333333333,0.6036666666666667,0.6933333333333334,0.4776666666666667
2001,4,0.028666666666666663,0.249,0.6376666666666667,1.5556666666666665,0.7403333333333333,0.35,0.47933333333333333,0.6696666666666666,0.237,0.37533333333333335,0.5416666666666666
2001,5,-0.45533333333333337,-0.24133333333333332,0.778,0.9283333333333333,0.8893333333333333,0.18433333333333335,0.06866666666666667,0.3046666666666667,0.02333333333333333,0.2886666666666667,0.2886666666666667
2001,6,0.22933333333333336,-0.183,0.22999999999999998,1.716,0.7796666666666666,0.37633333333333335,0.8313333333333334,0.6873333333333334,1.2676666666666667,0.6473333333333333,0.7066666666666667
2001,7,0.9423333333333334,0.22599999999999998,1.3246666666666667,2.051,1.5483333333333333,1.562,1.496,1.0376666666666667,1.6053333333333333,0.17933333333333334,1.2053333333333334
2001,8,0.8256666666666667,-0.669,1.391,0.6133333333333333,0.6403333333333333,0.3296666666666666,-0.5286666666666666,0.617,-0.012333333333333326,0.7693333333333333,0.38066666666666665
2001,9,0.311,-0.4746666666666667,0.352,0.7993333333333333,0.30433333333333334,-0.176,-0.528,0.1696666666666667,-0.13933333333333334,0.3786666666666667,0.09533333333333333
2001,10,0.4583333333333333,-0.787,0.004999999999999995,0.881,0.39866666666666667,0.15733333333333333,-0.3046666666666667,-0.20866666666666667,-0.2843333333333333,0,0.020333333333333342
2001,11,0.7643333333333333,0.038,0.43033333333333335,0.8963333333333333,0.079,-0.015666666666666666,-0.23166666666666666,-0.10966666666666666,-0.262,-0.43066666666666664,0.07133333333333333
2001,12,0.07166666666666667,-0.8099999999999999,0.30833333333333335,1.5906666666666667,0.2353333333333333,0.052000000000000005,0.13633333333333333,0.14866666666666667,-0.4643333333333333,-0.629,0.05133333333333333
2002,1,-0.7106666666666667,-1.2476666666666667,-0.29966666666666664,0.43366666666666664,-0.21033333333333332,-0.14666666666666667,0.04633333333333334,-0.24633333333333335,-0.6046666666666667,-0.526,-0.3323333333333333
2002,2,0.19799999999999998,-0.13799999999999998,0.366,0.8553333333333333,0.607,0.09766666666666667,0.44566666666666666,0.31333333333333335,-0.49733333333333335,-0.347,0.17833333333333334
2002,3,0.7090000000000001,0.15133333333333335,0.8726666666666667,0.6006666666666667,0.37533333333333335,0.39899999999999997,0.49933333333333335,0.6693333333333333,-0.4043333333333333,-0.045000000000000005,0.35433333333333333
2002,4,0.329,0.6583333333333333,0.6573333333333333,1.0486666666666666,0.6576666666666666,0.363,0.34199999999999997,0.9383333333333334,-0.06766666666666667,0.38066666666666665,0.5186666666666666
2002,5,1.628,0.7906666666666666,0.8099999999999999,0.5643333333333334,0.02066666666666667,0.5656666666666667,0.5973333333333333,0.4053333333333333,0.5763333333333334,0.043000000000000003,0.5553333333333333
2002,6,0.6783333333333333,-0.09100000000000001,0.8066666666666666,-0.23,1.073,0.334,0.4633333333333334,0.3526666666666667,0.007999999999999998,0.14133333333333334,0.342
2002,7,-0.39533333333333337,-0.823,0.12799999999999997,-0.2363333333333333,-0.9833333333333334,-0.34933333333333333,0.21933333333333335,-0.7236666666666667,-0.8006666666666666,-0.42733333333333334,-0.44633333333333336
2002,8,-1.5236666666666667,-2.0323333333333333,-0.8693333333333333,-0.6559999999999999,-0.5223333333333333,-0.487,-0.06833333333333333,0.00999999999999999,-0.5156666666666667,0.203,-0.5640000000000001
2002,9,-0.11466666666666668,-1.4276666666666666,-0.226,-0.5063333333333333,-0.13333333333333333,-0.34700000000000003,-0.08900000000000001,-0.20833333333333334,-0.9803333333333334,0.30133333333333334,-0.3546666666666667
2002,10,0.13633333333333333,0.13999999999999999,0.30233333333333334,-0.01633333333333334,-0.08000000000000002,-0.05733333333333333,0.04966666666666667,0.092,-0.5343333333333333,0.6733333333333333,0.064
2002,11,-2.3313333333333333,-1.4966666666666668,-1.4383333333333332,-1.4666666666666666,-1.0623333333333334,-0.8256666666666667,-0.775,-0.5033333333333333,-0.8306666666666667,-0.14166666666666666,-1.0136666666666667
2002,12,-1.066,-1.2313333333333332,-0.5133333333333333,-1.04,-0.10266666666666666,-0.028666666666666663,-0.5489999999999999,0.263,-0.18066666666666667,0.22833333333333333,-0.36966666666666664
2003,1,-0.7423333333333334,-0.47300000000000003,-0.24333333333333332,-0.6663333333333333,0.026666666666666672,-0.03766666666666667,-0.36233333333333334,-0.11633333333333333,-0.20833333333333334,-0.465,-0.318
2003,2,-0.31466666666666665,-0.2833333333333333,-0.199,-0.4716666666666667,-0.017999999999999995,-0.18066666666666667,-0.3363333333333333,0.03766666666666667,-0.14766666666666667,-0.06766666666666667,-0.18733333333333332
2003,3,-0.15633333333333335,-1.1033333333333333,-0.29533333333333334,-2.0176666666666665,-0.02766666666666667,-0.07633333333333334,-0.7996666666666666,-0.159,-0.2053333333333333,-0.46399999999999997,-0.5163333333333333
2003,4,0.212,-0.7856666666666666,-0.20666666666666667,-1.1833333333333333,-0.00633333333333333,0.09033333333333333,-0.254,-0.153,0.11666666666666665,-0.214,-0.226
2003,5,0.947,-0.614,0.41400000000000003,-0.747,0.3833333333333333,0.6176666666666667,-0.16066666666666668,0.16166666666666668,0.6503333333333333,0.12666666666666665,0.17300000000000001
2003,6,1.5976666666666666,0.09866666666666664,0.11966666666666669,-0.401,-0.562,-0.259,-0.1716666666666667,-1.0223333333333333,-0.29766666666666663,-0.991,-0.266
2003,7,-0.5276666666666666,-1.488,-1.643,-1.6686666666666667,-1.0256666666666665,-0.49333333333333335,-1.5726666666666667,0.12733333333333333,0.20866666666666667,0.538,-0.6913333333333334
2003,8,-1.165,-2.433666666666667,-1.8156666666666668,-1.651,-0.4056666666666667,-0.36733333333333335,-0.36133333333333334,0.413,0.19566666666666666,0.37666666666666665,-0.6053333333333333
2003,9,-0.5083333333333333,-1.7593333333333334,-0.9993333333333333,-1.0993333333333333,0.31133333333333335,0.622,0.513,0.358,0.5106666666666666,-0.054,-0.13333333333333333
2003,10,-0.03666666666666667,-0.7789999999999999,-0.6376666666666666,-1.1493333333333333,-0.06866666666666667,-0.253,-0.5113333333333333,0.20933333333333332,-0.3686666666666667,-0.11033333333333334,-0.355
2003,11,0.43066666666666664,0.22833333333333333,0.19866666666666666,-0.33533333333333337,0.44833333333333336,0.348,0.30666666666666664,0.2663333333333333,0.2693333333333333,-0.167,0.19133333333333333
2003,12,0.5676666666666667,0.3293333333333333,0.212,-0.581,0.16233333333333336,0.20666666666666667,-0.21666666666666667,-0.13966666666666666,0.09900000000000002,-0.258,0.007999999999999998
2004,1,0.33333333333333337,0.492,0.082,-1.0796666666666668,-0.20700000000000002,0.06433333333333333,-0.25766666666666665,-0.146,0.035666666666666666,-0.085,-0.10033333333333334
2004,2,0.4366666666666667,0.4176666666666667,-0.246,-1.1866666666666668,-0.11033333333333335,-0.19,-0.216,-0.12233333333333332,-0.136,-0.040333333333333325,-0.161
2004,3,0.027999999999999997,0.2813333333333333,-0.05099999999999998,-1.2756666666666667,-0.013333333333333341,-0.022000000000000002,-0.35533333333333333,0.126,0.02266666666666667,-0.16366666666666668,-0.155
2004,4,0.042,-0.216,0.15,-1.4126666666666667,0.10566666666666667,0.2663333333333333,-0.06233333333333333,0.4683333333333333,0.2946666666666667,-0.0053333333333333245,-0.024333333333333332
2004,5,0.16066666666666668,0.107,0.03933333333333334,-1.4903333333333333,0.18366666666666667,0.5423333333333333,0.962,0.5946666666666667,0.9103333333333333,0.42733333333333334,0.2836666666666667
2004,6,0.37933333333333336,0.251,0.44066666666666665,-0.42366666666666664,0.5066666666666667,0.602,1.812,0.013999999999999999,0.329,-0.4613333333333333,0.346
2004,7,0.186,0.33266666666666667,0.582,-0.221,0.5726666666666667,0.6703333333333333,0.040333333333333346,-0.005999999999999993,0.4523333333333333,-0.5493333333333333,0.181
2004,8,-0.26,0.23500000000000007,-0.19099999999999998,-0.6193333333333333,0.7756666666666666,-0.13599999999999998,-0.5926666666666667,-0.004333333333333351,-0.128,-0.36366666666666664,-0.13666666666666666
2004,9,-0.7286666666666667,-1.1463333333333332,-0.56033333333333335,-0.8273333333333333,-0.25166666666666665,-0.08566666666666665,0.18066666666666667,-0.5983333333333334,-0.6106666666666667,-0.5906666666666667,-0.5023333333333333
2004,10,1.0123333333333333,0.4046666666666667,0.247,-0.19366666666666665,-0.37233333333333335,-0.015666666666666666,0.321,-0.6173333333333333,3.333333333333319e-4,-0.8336666666666667,-0.05766666666666667
2004,11,1.1453333333333333,0.4076666666666667,0.5686666666666667,-0.09066666666666667,0.306,0.008999999999999989,0.3423333333333333,-0.20666666666666667,0.46266666666666667,-0.754,0.17700000000000002
2004,12,1.1,-0.08566666666666667,0.7093333333333334,0.19866666666666666,1.1736666666666666,0.33466666666666667,0.36533333333333334,0.32566666666666666,0.579,-0.33166666666666667,0.4176666666666667
2005,1,0.7866666666666666,-0.389,0.5263333333333333,-0.616,0.31033333333333335,0.013666666666666664,0.14566666666666667,0.15733333333333333,0.538,-0.19766666666666666,0.12433333333333334
2005,2,0.306,-0.191,0.063,-1.1116666666666666,-0.6413333333333333,0.10033333333333333,-0.024999999999999998,-0.22300000000000003,0.48033333333333333,0.30933333333333335,-0.08466666666666667
2005,3,0.13066666666666665,-0.179,-0.165,-0.832,-0.8996666666666666,-0.2753333333333334,0.06666666666666667,-0.667,-0.12966666666666668,-0.3056666666666667,-0.33799999999999997
2005,4,-0.03266666666666667,-0.05833333333333333,-0.30566666666666664,-0.5916666666666667,-0.307,-0.298,0.19066666666666668,0.082,-0.23266666666666666,-0.03133333333333334,-0.15033333333333335
2005,5,-0.529,-0.6323333333333333,-0.6126666666666667,-0.5033333333333333,-0.3963333333333333,-0.07433333333333333,-0.25933333333333336,0.06499999999999999,-0.396,0.4196666666666667,-0.26166666666666666
2005,6,0.25166666666666665,0.30333333333333334,0.01566666666666665,-0.03,0.398,-0.32566666666666666,-0.30366666666666664,-0.4433333333333333,-0.884,-0.542,-0.201
2005,7,-0.01433333333333333,-0.4696666666666667,0.447,-0.5136666666666667,0.363,-0.40199999999999997,-0.382,-0.35533333333333333,-0.295,-0.49966666666666665,-0.22866666666666668
2005,8,0.7829999999999999,0.703,0.549,0.22833333333333333,-0.37566666666666665,-0.006333333333333323,0.13333333333333333,-0.6353333333333333,-0.06766666666666667,-0.5853333333333334,0.013999999999999999
2005,9,-0.037333333333333336,0.332,-0.5443333333333333,0.07366666666666667,-0.20299999999999999,-0.30033333333333334,0.36733333333333335,-0.43566666666666665,-0.391,-0.393,-0.16266666666666668
2005,10,1.0103333333333333,1.2986666666666666,0.126,0.228,0.28700000000000003,0.2763333333333333,0.5783333333333334,0.4666666666666667,0.272,-0.039,0.4186666666666667
2005,11,0.504,1.273,-0.21466666666666667,0.399,0.31033333333333335,0.26366666666666666,0.3676666666666667,0.09766666666666667,-0.11099999999999999,0.13433333333333333,0.275
2005,12,-0.653,0.06200000000000002,-1.4773333333333334,-1.1523333333333334,-1.1626666666666667,-1.0793333333333333,-0.5916666666666667,-0.41700000000000004,-1.046,-0.465,-0.7949999999999999
2006,1,-0.5186666666666666,-1.0023333333333333,-1.658,-1.8016666666666667,-1.264,-0.7316666666666667,-0.917,-0.303,-1.1766666666666667,0.071,-0.9056666666666666
2006,2,-0.622,-0.734,-1.313,-1.2176666666666667,-0.5623333333333334,-0.2876666666666667,-0.26666666666666666,0.10433333333333333,-0.5003333333333333,0.32766666666666666,-0.45966666666666667
2006,3,-0.7213333333333334,-0.22633333333333333,-1.0486666666666666,-0.24233333333333332,-0.7596666666666666,-0.012666666666666666,0.20600000000000002,0.12133333333333333,-0.385,0.08433333333333333,-0.2663333333333333
2006,4,-1.5303333333333333,-0.8706666666666667,-1.5973333333333333,-1.1066666666666667,-0.7686666666666666,-0.295,-0.3006666666666667,0.197,-0.42100000000000004,-0.16,-0.621
2006,5,-1.1983333333333333,-1.1003333333333334,-1.1680000000000001,-0.9986666666666667,-0.9423333333333334,-0.5936666666666666,-0.6186666666666667,0.15400000000000003,0.3343333333333333,0.10866666666666668,-0.5293333333333333
2006,6,-1.0023333333333333,-1.4163333333333334,-1.1743333333333332,-0.7823333333333333,-0.883,0.10533333333333335,-0.222,-0.4143333333333333,0.367,-0.10433333333333335,-0.49133333333333334
2006,7,-0.18433333333333332,-0.4376666666666667,-1.5206666666666666,-0.5533333333333333,-0.544,0.307,-0.027333333333333334,-0.24766666666666667,0.5986666666666667,-0.5686666666666667,-0.288
2006,8,1.3283333333333334,0.4696666666666666,0.8323333333333334,-0.607,0.6843333333333333,0.02666666666666666,-0.105,0.19866666666666666,0.053,0.04933333333333332,0.24833333333333335
2006,9,0.4563333333333333,0.6576666666666666,-0.5556666666666666,-0.07200000000000002,-0.03366666666666666,0.020666666666666667,-0.274,0.07333333333333332,0.42066666666666663,-0.002333333333333326,0.061
2006,10,0.361,-0.43066666666666664,-0.33166666666666667,0.11866666666666667,0.716,-0.3443333333333333,-0.4206666666666667,0.22933333333333333,-0.2926666666666667,-0.04633333333333333,-0.043333333333333335
2006,11,0.953,0.4046666666666667,0.13166666666666668,0.30966666666666665,0.9883333333333334,0.07366666666666666,-0.07733333333333334,0.6566666666666666,9.999999999999963e-4,0.4266666666666667,0.37266666666666665
2006,12,0.5063333333333333,0.16333333333333333,-0.23366666666666666,0.3396666666666667,0.3713333333333333,0.525,0.437,0.2976666666666667,0.17066666666666666,0.2743333333333333,0.2876666666666667
2007,1,0.722,0.532,0.19133333333333333,0.792,0.51,0.43666666666666665,0.7676666666666666,0.08233333333333333,-6.666666666666742e-4,0.5306666666666666,0.4446666666666667
2007,2,0.5373333333333333,0.33166666666666667,0.642,0.635,1.26,0.7523333333333333,0.6046666666666667,0.5283333333333333,0.2976666666666667,0.5826666666666667,0.6176666666666667
2007,3,0.06566666666666666,0.46799999999999997,0.2866666666666667,0.535,1.0566666666666666,0.2823333333333333,0.4563333333333333,0.43133333333333335,-0.06933333333333333,0.14200000000000002,0.36266666666666664
2007,4,0.346,0.363,0.22366666666666668,0.35233333333333333,0.44766666666666666,-0.044000000000000004,0.19766666666666668,-0.4166666666666667,-0.498,-0.326,0.028666666666666667
2007,5,-0.42533333333333334,-0.08066666666666665,-0.2856666666666667,0.17066666666666666,0.03633333333333332,-0.483,0.12433333333333334,-0.254,-0.736,-0.3713333333333333,-0.23366666666666666
2007,6,-0.006666666666666658,0.981,-0.009,0.23966666666666667,0.05933333333333334,-0.43133333333333335,-0.5503333333333333,-0.028666666666666663,-0.7316666666666667,0.042,-0.07933333333333333
2007,7,-1.2636666666666667,-1.084,-0.696,-0.9703333333333333,-0.08866666666666669,-0.8123333333333334,-1.2486666666666666,0.2916666666666667,-0.419,0.558,-0.516
2007,8,-0.23366666666666663,0.528,0.12633333333333333,0.11433333333333333,0.3266666666666666,-0.07266666666666666,0.23166666666666666,-0.04000000000000001,-0.19699999999999998,-0.03633333333333335,0.06799999999999999
2007,9,0.5936666666666667,1.0746666666666667,0.9196666666666666,1.087,0.6033333333333333,0.087,0.0026666666666666783,0.063,0.10700000000000001,-0.03666666666666667,0.4036666666666667
2007,10,0.351,0.376,0.8476666666666667,0.136,0.8056666666666666,0.6943333333333334,0.17666666666666667,0.227,0.6006666666666667,-0.20366666666666666,0.38166666666666665
2007,11,-0.24333333333333335,0.18766666666666668,0.11466666666666668,-0.15533333333333332,-0.03666666666666667,0.14266666666666666,0.46166666666666667,-0.18566666666666665,0.3256666666666667,-0.23,0.044000000000000004
2007,12,0.4236666666666667,0.5206666666666667,0.41566666666666663,-0.2816666666666667,0.10066666666666668,-0.064,-0.02666666666666667,-0.16766666666666669,-0.064,-0.085,0.04833333333333334
2008,1,0.3763333333333333,0.36033333333333334,0.8046666666666666,0.30266666666666664,0.322,0.4063333333333333,0.22433333333333333,0.13733333333333334,0.3423333333333333,0.30266666666666664,0.345
2008,2,-0.19433333333333333,-0.2,0.20266666666666666,0.2273333333333333,-0.48133333333333334,0.11299999999999999,0.08166666666666667,-0.638,-0.011333333333333336,0.31466666666666665,-0.056333333333333326
2008,3,1.284,0.23633333333333334,0.4,0.32699999999999996,-0.09966666666666665,-0.11199999999999999,0.07566666666666667,-0.22433333333333333,-0.45166666666666666,0.17466666666666666,0.113
2008,4,1.383,0.12833333333333333,0.443,0.156,0.107,-0.01566666666666666,-0.11366666666666667,0.04933333333333333,-0.5806666666666667,0.587,0.17166666666666666
2008,5,0.318,0.04366666666666663,0.10133333333333333,0.107,-0.06466666666666666,-0.15666666666666665,0.09899999999999999,0.26066666666666666,-0.9243333333333333,-0.20100000000000004,-0.06833333333333334
2008,6,-0.6226666666666667,-1.034,-0.7176666666666667,-0.37033333333333335,-0.79,-0.33499999999999996,-0.4836666666666667,0.23233333333333334,0.14933333333333335,-0.21566666666666665,-0.378
2008,7,0.11866666666666667,-0.521,0.7446666666666667,0.15599999999999997,0.477,0.7546666666666666,-0.03566666666666667,0.33166666666666667,0.04433333333333333,-0.16466666666666666,0.17933333333333334
2008,8,-0.6343333333333333,-0.2743333333333333,-0.15400000000000003,0.227,0.044333333333333315,0.6283333333333333,0.46399999999999997,-6.666666666666604e-4,0.453,-0.443,0.05266666666666667
2008,9,-0.22033333333333335,0.843,0.04733333333333334,0.6796666666666666,0.452,0.26066666666666666,0.24633333333333335,0.2633333333333333,0.5363333333333333,-0.23666666666666666,0.28633333333333333
2008,10,-0.11399999999999999,0.18833333333333335,0.44333333333333336,0.45666666666666667,0.6836666666666666,0.42033333333333334,0.08966666666666666,0.5720000000000001,0.8476666666666667,0.482,0.4306666666666667
2008,11,-0.018666666666666665,0.11433333333333333,0.33799999999999997,0.343,0.3606666666666667,0.08,-0.10833333333333334,0.639,0.43333333333333335,0.7836666666666666,0.3193333333333333
2008,12,0.02366666666666667,0.456,0.11,0.20066666666666666,-0.11766666666666667,-0.193,-0.15333333333333332,0.02233333333333333,-0.29233333333333333,-0.19066666666666668,-0.034
2009,1,-0.18633333333333335,-0.026333333333333337,-0.105,-0.10833333333333334,-0.667,-0.17266666666666666,-0.20166666666666666,-0.193,-0.17333333333333334,-0.8346666666666667,-0.28533333333333333
2009,2,0.15066666666666667,0.093,0.5343333333333333,0.24433333333333332,0.48866666666666664,0.10633333333333334,0.08499999999999999,0.389,0.20900000000000002,-0.266,0.19633333333333333
2009,3,-0.129,0.6143333333333333,0.43033333333333335,0.40166666666666667,0.4656666666666667,-0.050666666666666665,-0.06266666666666668,0.526,0.10366666666666667,0.29833333333333334,0.25733333333333336
2009,4,0.08233333333333334,0.9673333333333333,0.7916666666666666,-0.08866666666666666,0.6306666666666667,0.09033333333333333,-0.083,-0.14733333333333334,-0.11333333333333333,-0.5796666666666667,0.10666666666666666
2009,5,0.238,0.6766666666666666,0.48933333333333334,0.552,0.591,-0.501,-0.13033333333333336,-0.17366666666666666,-0.43,-0.6303333333333333,0.024666666666666674
2009,6,-0.989,-0.25233333333333335,-0.7776666666666667,-0.32033333333333336,0.2996666666666667,-0.619,-0.10133333333333333,-0.155,-0.724,-0.6416666666666666,-0.4106666666666667
2009,7,-1.338,-1.4123333333333334,-1.492,-0.26366666666666666,-0.32666666666666666,-0.213,0.666,-0.1,0.29266666666666663,-0.121,-0.338
2009,8,-1.417,-1.199,-2.1823333333333332,-0.6733333333333333,-0.37466666666666665,-0.24066666666666667,0.028333333333333332,0.214,0.3883333333333333,0.08800000000000001,-0.4336666666666667
2009,9,-1.3796666666666666,-1.5283333333333333,-1.2966666666666666,-1.1963333333333332,-0.07400000000000001,-0.6406666666666667,-0.9766666666666667,0.303,-0.33666666666666667,0.442,-0.589
2009,10,-0.19666666666666666,-1,-0.22399999999999998,-0.41466666666666663,0.22766666666666666,-0.34400000000000003,-0.242,0.16466666666666668,-0.443,0.103,-0.21400000000000002
2009,11,-0.14300000000000002,-0.6960000000000001,0.08,-0.08966666666666666,0.12266666666666669,-0.256,0.248,-0.22866666666666666,-0.40199999999999997,-0.49533333333333335,-0.18466666666666667
2009,12,0.33266666666666667,-0.4033333333333333,0.4013333333333333,-0.2063333333333333,-0.42233333333333334,-0.13233333333333333,0.32766666666666666,-0.5676666666666667,-0.023333333333333334,-0.27,-0.10966666666666666
2010,1,0.3466666666666667,-0.3473333333333333,-0.092,-1.2866666666666666,-0.6256666666666667,-0.282,-0.07400000000000001,-0.554,-0.20666666666666667,-0.29066666666666663,-0.3546666666666667
2010,2,0.16466666666666666,-0.5686666666666667,0.17133333333333334,-1.057,-0.30533333333333335,0.16066666666666668,0.10566666666666667,-0.063,0.2796666666666667,0.6986666666666667,-0.012999999999999998
2010,3,-0.20299999999999999,-0.6496666666666666,-0.256,-0.9106666666666666,-0.42466666666666664,0.29066666666666663,0.7083333333333334,0.08866666666666667,0.586,0.8130000000000001,0.06599999999999999
2010,4,-1.0413333333333332,-0.927,-0.8493333333333333,-0.382,-0.9950000000000001,-0.492,0.084,-0.5633333333333334,0.5463333333333333,-0.13566666666666666,-0.41500000000000004
2010,5,-1.3366666666666667,-1.204,-1.1403333333333334,-0.30833333333333335,-0.8373333333333334,-0.27566666666666667,-0.40800000000000003,-0.5539999999999999,-0.026666666666666672,-0.226,-0.579
2010,6,0.43,-0.05666666666666665,0.6966666666666667,-0.23333333333333336,-0.24566666666666667,-0.051666666666666666,-0.5853333333333334,-0.9386666666666666,-0.4266666666666667,-0.5166666666666667,-0.25066666666666665
2010,7,1.316,0.24433333333333335,1.178,0.9286666666666666,-0.03866666666666669,0.07033333333333334,0.17,-0.3446666666666667,-0.22333333333333336,0.29033333333333333,0.303
2010,8,1.839,1.5843333333333334,1.3913333333333333,1.1056666666666666,0.6006666666666667,0.28833333333333333,0.248,0.31866666666666665,0.07466666666666667,0.49966666666666665,0.7183333333333333
2010,9,1.402,1.087,1.7856666666666667,0.8093333333333333,0.8416666666666667,1.0896666666666666,0.603,0.6623333333333333,0.8036666666666666,0.11433333333333334,0.865
2010,10,0.37333333333333335,-0.05666666666666668,1.3896666666666666,-0.30533333333333335,0.023666666666666666,0.7853333333333333,0.4976666666666667,0.5626666666666666,0.895,0.5463333333333333,0.477
2010,11,1.2146666666666668,0.10133333333333334,1.2730000000000001,0.25633333333333336,-0.5953333333333334,0.020333333333333332,0.4083333333333333,-0.5843333333333334,-0.055999999999999994,-0.16699999999999998,0.13033333333333333
2010,12,1.1673333333333333,1.1893333333333334,1.025,0.674,-0.31933333333333336,-0.018666666666666668,0.3983333333333333,-0.22833333333333333,-0.09166666666666667,0.06566666666666666,0.32233333333333336
2011,1,0.13833333333333334,0.443,-0.2136666666666667,-0.6213333333333333,-1.431,-0.6940000000000001,-0.24933333333333332,-0.9473333333333332,-0.709,-0.5423333333333333,-0.5283333333333333
2011,2,-0.305,-0.25433333333333336,-0.6276666666666667,-1.025,-1.1666666666666667,-0.5933333333333334,-0.336,-0.5866666666666667,-0.583,-0.445,-0.602
2011,3,-0.7083333333333334,-0.6686666666666666,-1.0383333333333333,-1.4216666666666666,-1.397,-0.9023333333333333,-0.44566666666666666,-1.4376666666666666,-0.6673333333333333,-1.015,-0.9763333333333334
2011,4,-0.49366666666666664,-1.0326666666666666,-1.081,-1.7913333333333332,-1.251,-1.0023333333333333,-0.867,-1.2826666666666666,-1.4973333333333334,-1.442,-1.203
2011,5,-1.2316666666666667,-0.9213333333333332,-1.419,-1.556,-1.168,-1.3366666666666667,-0.807,-0.831,-1.0233333333333334,-0.6343333333333333,-1.0666666666666667
2011,6,-0.9756666666666667,-0.5333333333333333,-0.739,-1.3596666666666666,-1.1916666666666667,-0.448,-0.6353333333333334,-0.2673333333333333,0.16133333333333333,-0.2733333333333334,-0.5933333333333334
2011,7,-0.5633333333333334,0.44833333333333336,0.18633333333333335,0.387,-0.133,-0.07699999999999996,0.4453333333333333,-0.30866666666666664,-0.5966666666666667,-0.5213333333333333,-0.09166666666666665
2011,8,1.022,0.6746666666666666,0.265,-0.031333333333333345,-1.958,-0.47333333333333333,-0.45466666666666666,-0.45433333333333337,-0.8313333333333334,-0.058333333333333334,-0.30133333333333334
2011,9,-0.19266666666666665,0.7936666666666667,0.048999999999999995,0.525,-0.44433333333333336,-0.5913333333333333,-0.29333333333333333,-0.24033333333333334,-1.2236666666666667,-0.04533333333333334,-0.20700000000000002
2011,10,-0.25533333333333336,-0.014333333333333337,-0.19533333333333333,-0.4106666666666667,-0.4136666666666667,-0.42500000000000004,-0.3173333333333333,-0.22333333333333333,-0.266,0.116,-0.2376666666666667
2011,11,0.458,0.4523333333333333,0.8150000000000001,-0.17233333333333334,0.5983333333333334,0.4826666666666667,-0.014333333333333328,0.4136666666666667,0.512,0.682,0.41666666666666663
2011,12,-0.625,-0.7713333333333333,0.23933333333333331,-0.415,0.5036666666666666,0.17633333333333334,-0.098,0.20766666666666667,0.21133333333333335,-0.01233333333333333,-0.027999999999999997
2012,1,-0.361,-0.6753333333333333,0.03333333333333333,-0.657,-0.04833333333333333,-0.01233333333333333,-0.21466666666666664,-0.25933333333333336,-0.15333333333333332,-0.251,-0.25166666666666665
2012,2,-0.531,-0.81033333333333335,-0.36733333333333335,-0.525,-0.41633333333333333,-0.08966666666666666,-0.2,-0.19533333333333333,-0.31233333333333335,0.093,-0.3076666666666667
2012,3,-0.2573333333333333,-0.7493333333333333,-0.4066666666666667,0.11333333333333334,-0.09133333333333334,0.08800000000000001,-0.4086666666666667,0.17300000000000001,-0.041666666666666664,0.581,-0.064
2012,4,-0.5113333333333333,-0.38166666666666665,-0.5596666666666666,-0.622,-0.30033333333333334,-0.021999999999999992,-0.6893333333333334,0.14933333333333332,-0.6003333333333333,-0.18566666666666665,-0.36866666666666664
2012,5,0.8723333333333333,0.7913333333333333,0.9476666666666667,0.6843333333333333,0.45066666666666666,-0.09300000000000001,-0.20600000000000002,0.5056666666666667,-0.8123333333333334,0.36933333333333335,0.2966666666666667
2012,6,0.8196666666666667,-0.6539999999999999,0.8506666666666667,-0.8256666666666667,0.03,-0.817,-1.337,-0.27566666666666667,-1.1360000000000001,-0.6053333333333334,-0.461
2012,7,0.35666666666666663,-0.01766666666666665,0.916,-0.6776666666666666,0.8233333333333334,-0.08399999999999998,-0.731,0.2653333333333333,-0.239,-0.09433333333333334,0.021
2012,8,0.9349999999999999,0.6819999999999999,1.4846666666666666,0.7823333333333333,-0.37033333333333335,-0.20766666666666667,-0.11966666666666667,-0.679,-0.37266666666666665,-0.834,0.03966666666666666
2012,9,2.0443333333333333,2.8823333333333334,1.4653333333333334,1.686,-1.2266666666666666,0.183,0.10466666666666667,-0.41033333333333333,-0.37766666666666665,-0.43633333333333335,0.4403333333333333
2012,10,1.1686666666666667,1.2973333333333332,0.7696666666666667,0.5003333333333333,-0.187,-0.30666666666666664,-0.49233333333333335,-0.8283333333333334,-0.6906666666666667,-1.2406666666666668,-0.116
2012,11,-0.5896666666666667,0.54,-0.456,-0.312,-0.7783333333333333,-0.814,-0.9263333333333333,-0.4106666666666667,-1.015,-0.7683333333333333,-0.5896666666666667
2012,12,-0.9,0.16166666666666668,-1.0293333333333334,-0.7166666666666667,-1.1856666666666666,-1.0556666666666668,-1.0853333333333333,-0.12666666666666668,-0.6173333333333333,-0.18333333333333332,-0.665
2013,1,-0.6636666666666666,-0.5376666666666666,-0.7063333333333334,-0.36,-0.993,-0.763,-0.6136666666666667,-0.29,-0.30866666666666664,-0.15666666666666668,-0.5193333333333333
2013,2,-0.408,-0.45766666666666667,-0.601,0.08266666666666667,-0.7626666666666666,-0.1,-0.5453333333333333,0.10366666666666667,-0.19566666666666668,0.015,-0.2703333333333333
2013,3,-0.45966666666666667,-0.681,-0.25033333333333335,0.9116666666666667,-0.25766666666666665,0.6276666666666667,-0.151,0.161,0.009333333333333327,0.323,0.05399999999999999
2013,4,-0.823,-0.9236666666666666,-0.517,0.9393333333333334,-0.5136666666666667,0.11666666666666665,-0.259,0.19133333333333333,-0.48133333333333334,0.06833333333333334,-0.19
2013,5,-1.0086666666666666,-1.3286666666666667,-0.21000000000000002,-0.9223333333333333,-0.076,-0.19333333333333336,-0.933,-0.38966666666666666,-0.9753333333333333,-0.23799999999999996,-0.617
2013,6,1.173,0.593,1.6696666666666666,0.28533333333333333,0.4176666666666667,-0.113,-0.647,0.4533333333333333,-0.368,0.84,0.37366666666666665
2013,7,0.984,0.9016666666666666,0.5960000000000001,0.2643333333333333,0.7013333333333334,0.26766666666666666,-0.43633333333333335,0.021333333333333333,-0.10099999999999998,0.0030000000000000118,0.263
2013,8,1.7653333333333332,0.8929999999999999,1.6256666666666666,0.189,1.2946666666666666,0.9543333333333334,-0.13633333333333333,0.435,0.8056666666666666,0.41433333333333333,0.7636666666666667
2013,9,-0.04166666666666668,0.6433333333333333,0.932,0.588,0.4433333333333333,0.11633333333333334,0.17333333333333334,0.18333333333333332,0.24200000000000002,0.08133333333333333,0.321
2013,10,0.151,0.23399999999999999,1.0316666666666667,0.24066666666666667,0.42866666666666664,-0.16266666666666668,-0.22633333333333333,0.10666666666666667,-0.806,-0.32833333333333337,0.021000000000000005
2013,11,0.192,-0.07100000000000001,0.248,-0.32366666666666666,0.05466666666666664,-0.48033333333333333,-0.4083333333333333,-0.42733333333333334,-0.6749999999999999,-0.5146666666666667,-0.27566666666666667
2013,12,0.04400000000000002,0.17400000000000002,-0.6573333333333333,-0.6533333333333333,-0.45666666666666667,-1.012,-0.763,-0.6166666666666667,-0.6176666666666667,-0.5923333333333334,-0.54
2014,1,-0.151,-0.3456666666666667,-0.6983333333333334,-0.908,-0.13666666666666666,-0.829,-0.8636666666666667,-0.42966666666666664,-0.5529999999999999,-0.5706666666666667,-0.5566666666666666
2014,2,-0.053,-0.51,-0.2833333333333333,-1.2986666666666666,0.16633333333333333,-0.41633333333333333,-0.7966666666666666,-0.23866666666666664,-0.228,-0.804,-0.457
2014,3,0.12833333333333333,-0.8673333333333333,-0.27066666666666667,-1.194,0.3596666666666667,-0.3853333333333333,-0.613,-0.719,-0.5576666666666666,-0.7999999999999999,-0.5063333333333333
2014,4,0.6926666666666667,-1.511,0.479,-1.067,0.68966666666666665,-0.8196666666666667,-0.5936666666666667,-0.5443333333333333,-0.6686666666666666,-0.25133333333333335,-0.36733333333333335
2014,5,0.076,-1.3573333333333333,-0.04,-1.191,0.11333333333333333,-1.0363333333333333,-1.038,-0.511,-1.0316666666666667,0.31099999999999994,-0.569
2014,6,0.30433333333333334,0.5863333333333334,0.784,0.7033333333333334,0.024999999999999998,-0.6439999999999999,-0.8983333333333333,-0.23366666666666666,-0.9279999999999999,0.43766666666666665,-0.03733333333333333
2014,7,1.851,1.2503333333333333,1.1806666666666668,0.3083333333333333,-1.2423333333333333,-0.7913333333333333,-1.1656666666666666,-0.19833333333333333,-0.17766666666666667,-0.18533333333333335,-0.022000000000000002
2014,8,-0.48100000000000004,0.6163333333333334,-0.8516666666666667,0.11033333333333332,-1.6363333333333334,-0.34800000000000003,0.209,0.15666666666666665,0.08366666666666668,-0.18400000000000002,-0.21833333333333332
2014,9,0.143,0.399,-0.029333333333333347,-0.879,-0.35933333333333334,-0.4176666666666667,-0.965,0.8916666666666666,0.40399999999999997,0.8593333333333334,0.021666666666666664
2014,10,-0.017666666666666664,-0.634,-0.225,-0.7076666666666667,-0.37333333333333335,-0.7096666666666667,-1.3526666666666667,-0.32399999999999995,-0.619,-0.128,-0.5243333333333333
2014,11,-0.32166666666666666,-0.8190000000000001,0.050333333333333334,0.004333333333333332,-0.0010000000000000009,-0.45866666666666667,-0.6766666666666666,-0.01499999999999999,-0.442,-0.152,-0.2786666666666667
2014,12,-0.951,-0.36833333333333335,-0.6516666666666666,-0.6996666666666667,-0.654,-0.396,-0.8956666666666666,-0.45866666666666667,-0.6343333333333333,-0.3696666666666667,-0.605
2015,1,-0.6366666666666666,-0.5473333333333333,-0.6986666666666667,-0.9936666666666667,-0.39766666666666667,-0.383,-0.7123333333333333,-0.7236666666666667,-0.966,-0.7566666666666667,-0.6956666666666667
2015,2,-0.011000000000000001,-0.4926666666666667,-0.24233333333333332,-1.1593333333333333,-0.38466666666666666,-0.5063333333333333,-0.6756666666666666,-0.768,-1.0313333333333334,-0.7953333333333333,-0.6433333333333333
2015,3,-0.15766666666666668,-0.19133333333333333,-0.8416666666666667,-1.3876666666666666,-0.26966666666666667,-0.5223333333333333,-0.3473333333333333,-0.04666666666666666,-0.41500000000000004,-0.179,-0.42633333333333334
2015,4,-0.4896666666666667,0.19466666666666665,-0.49766666666666665,-0.5806666666666667,-0.17433333333333334,0.007666666666666651,0.34700000000000003,-0.18433333333333332,0.7446666666666667,0.03533333333333333,-0.025
2015,5,-0.17866666666666667,1.022,0.4493333333333333,0.5623333333333334,-0.14333333333333334,0.039,0.767,-0.135,0.9670000000000001,0.4456666666666667,0.394
2015,6,-0.3333333333333333,0.22766666666666666,0.321,0.15933333333333333,-0.2683333333333333,-0.02966666666666666,0.11566666666666665,0.4603333333333333,0.7503333333333334,0.9076666666666667,0.26866666666666666
2015,7,-0.5836666666666667,0.14100000000000001,-0.39466666666666667,0.1566666666666667,-1.6773333333333333,-0.28833333333333333,0.7073333333333333,-0.637,-0.682,-0.012999999999999992,-0.325
2015,8,0.7003333333333334,0.862,0.12900000000000003,0.5833333333333333,-0.5093333333333333,0.21366666666666664,0.2753333333333334,-0.4693333333333333,-0.20333333333333334,-0.636,0.03733333333333332
2015,9,-0.0336666666666667,-0.20666666666666664,-1.442,-0.7666666666666666,-0.45799999999999996,-0.4156666666666667,-0.394,-0.42066666666666663,0.3343333333333333,0.05499999999999999,-0.3456666666666667
2015,10,-1.119,-1.2526666666666666,-0.8583333333333333,-1.6866666666666668,0.033333333333333326,-0.168,-0.9476666666666667,0.17966666666666667,0.06166666666666666,0.127,-0.504
2015,11,0.311,0.20866666666666667,-0.056000000000000015,-0.728,0.378,0.5163333333333333,-0.027,0.684,0.49133333333333334,1.041,0.3066666666666667
2015,12,0.5626666666666666,1.1433333333333333,0.032333333333333346,-0.09233333333333334,0.42566666666666664,0.6396666666666667,0.54,0.5953333333333334,0.6703333333333333,1.127,0.5753333333333334
2016,1,0.5216666666666667,0.5326666666666667,0.47766666666666663,0.079,0.5703333333333334,0.5893333333333333,0.6883333333333334,0.41833333333333333,0.7216666666666667,1.0653333333333332,0.5833333333333334
2016,2,0.21633333333333332,0.498,0.31533333333333335,0.028666666666666674,-0.21333333333333332,0.43933333333333335,0.6526666666666667,-0.16966666666666666,0.29933333333333334,0.09733333333333334,0.20566666666666666
2016,3,0.11,0.633,0.41733333333333333,0.6283333333333333,-0.049999999999999996,0.5453333333333333,0.6256666666666667,-0.35433333333333333,0.42533333333333334,-0.337,0.24100000000000002
2016,4,0.121,0.483,0.4656666666666667,0.39166666666666666,0.214,-0.05433333333333333,0.7393333333333334,-0.17633333333333334,0.6836666666666666,0.6516666666666667,0.36833333333333335
2016,5,0.096,0.30533333333333335,0.5573333333333333,0.7913333333333333,0.24833333333333335,0.12666666666666665,0.9306666666666666,0.41233333333333333,1.2796666666666667,1.013,0.622
2016,6,0.2843333333333333,0.3373333333333333,1.1866666666666668,0.8506666666666667,0.593,0.5203333333333333,0.551,1.021,1.204,1.1019999999999999,0.7946666666666666
2016,7,-0.605,0.342,0.5630000000000001,0.8123333333333334,1.032,0.44499999999999995,0.24966666666666668,1.0613333333333332,0.8226666666666667,0.6676666666666666,0.5803333333333334
2016,8,1.4673333333333334,0.9163333333333333,1.6306666666666667,0.29466666666666663,1.6563333333333334,0.565,-0.8433333333333334,1.0653333333333335,0.709,1.0156666666666667,0.8056666666666666
2016,9,0.37866666666666665,1.3593333333333333,-0.16899999999999998,1.4203333333333332,0.2703333333333333,0.219,0.2533333333333333,0.249,0.07566666666666666,0.19433333333333333,0.4013333333333333
2016,10,0.048999999999999974,0.364,0.20433333333333334,1.07,0.47766666666666663,0.9253333333333333,0.73,1.0366666666666666,1.0703333333333334,0.7213333333333333,0.7013333333333334
2016,11,-0.775,-1.0899999999999999,-0.316,0.08366666666666667,0.22799999999999998,0.652,0.25033333333333335,1.056,0.772,1.0656666666666668,0.2803333333333333
2016,12,0.16733333333333333,-0.10333333333333336,0.43033333333333335,0.42533333333333334,0.48333333333333334,0.503,0.49466666666666664,0.7433333333333333,0.5369999999999999,0.8300000000000001,0.481
2017,1,0.5123333333333333,0.6213333333333333,0.6276666666666667,0.7876666666666667,0.8826666666666667,0.3313333333333333,0.3526666666666667,1.1253333333333333,0.3993333333333333,0.988,0.673
2017,2,0.6226666666666667,0.7173333333333334,0.7236666666666667,0.195,0.6233333333333333,-0.038666666666666676,-0.007333333333333335,0.6793333333333333,0.192,0.26533333333333337,0.375
2017,3,0.7826666666666667,0.13433333333333333,0.7773333333333333,0.018666666666666665,0.38133333333333336,-0.3673333333333333,-0.08099999999999999,0.33499999999999996,-0.17666666666666667,-0.15333333333333332,0.135
2017,4,1.3586666666666667,0.06899999999999999,1.0903333333333334,-0.411,0.5806666666666667,-0.14166666666666666,-0.42733333333333334,0.19233333333333333,-0.154,-0.16799999999999998,0.1443333333333333
2017,5,0.6483333333333333,0.5536666666666666,1.0446666666666666,0.19433333333333336,1.2343333333333333,0.302,-0.14133333333333334,0.56,0.44133333333333336,0.157,0.476
2017,6,-1,-0.56033333333333335,-0.2906666666666667,-0.030666666666666658,0.583,-0.08533333333333333,-0.23500000000000001,-0.020666666666666667,-0.44533333333333336,0.106,-0.1686666666666667
2017,7,1.0783333333333334,0.8816666666666667,1.5643333333333334,1.1306666666666667,1.7946666666666666,0.566,0.16066666666666668,0.8993333333333333,0.633,0.8313333333333334,0.9286666666666668
2017,8,0.644,-0.109,0.8470000000000001,0.12133333333333333,1.4323333333333332,0.352,0.43866666666666665,0.9583333333333333,0.472,0.8099999999999999,0.6153333333333333
2017,9,0.2866666666666667,-1.111,0.3373333333333334,-1.2836666666666665,0.12666666666666665,0.428,-0.5643333333333334,0.5383333333333333,0.7603333333333333,0.8463333333333334,0.07366666666666667
2017,10,0.08033333333333334,-0.664,-0.14066666666666666,-0.5623333333333334,0.02766666666666667,0.12166666666666666,-0.25633333333333336,0.98,0.796,1.0906666666666667,0.20500000000000002
2017,11,-0.137,-0.615,-0.35033333333333333,-0.671,-0.3263333333333333,-0.16433333333333333,-0.132,-0.053000000000000005,0.09266666666666667,0.19,-0.19166666666666668
2017,12,-0.49233333333333335,0.256,-0.5076666666666666,0.24433333333333332,-0.501,-0.5466666666666666,-0.12966666666666665,-0.217,-0.01533333333333333,0.012000000000000005,-0.176
2018,1,-0.16399999999999998,0.825,-0.49133333333333334,0.089,-0.6883333333333334,-0.7426666666666667,-0.327,-0.33466666666666667,-0.11333333333333334,0.11066666666666668,-0.19333333333333333
2018,2,-0.3586666666666667,1.0353333333333334,-0.7433333333333333,0.21400000000000002,-0.773,-0.7933333333333333,-0.23933333333333334,-0.26533333333333337,-0.042666666666666665,0.021333333333333333,-0.20633333333333334
2018,3,-0.49333333333333335,0.5033333333333334,-0.5366666666666666,0.81033333333333335,-0.09100000000000001,-0.16633333333333333,0.12033333333333333,0.2833333333333333,0.43433333333333335,-0.10233333333333332,0.09433333333333334
2018,4,-0.05333333333333334,0.6803333333333333,0.11733333333333333,1.1756666666666666,0.5273333333333333,0.6536666666666667,0.698,0.8333333333333334,0.7513333333333333,0.051,0.5589999999999999
2018,5,0.11499999999999999,0.7123333333333333,-0.05633333333333334,0.5866666666666667,0.31433333333333335,0.6046666666666667,1.036,1.1136666666666666,0.923,0.711,0.6453333333333333
2018,6,-0.558,-0.4783333333333334,0.022000000000000016,0.16933333333333334,0.577,0.49533333333333335,0.8240000000000001,0.5276666666666666,0.32666666666666666,0.3903333333333333,0.279
2018,7,-0.414,-0.9073333333333333,0.9436666666666667,1.2873333333333334,0.6539999999999999,0.659,1.5216666666666667,-0.4003333333333334,-0.22766666666666668,-0.7043333333333334,0.24366666666666664
2018,8,-0.31133333333333335,-1.0533333333333332,0.8583333333333333,0.17033333333333334,0.625,0.135,0.22999999999999998,0.37466666666666665,-0.16533333333333333,0.092,0.11500000000000002
2018,9,0.021666666666666647,-0.2943333333333334,0.23766666666666666,0.504,0.7626666666666667,-0.12566666666666668,0.6843333333333333,0.6816666666666666,0.029666666666666675,0.09533333333333334,0.2846666666666667
2018,10,0.781,1.0653333333333332,-0.25066666666666665,1.0213333333333334,-0.26466666666666666,-0.085,1.063,-0.3803333333333333,0.545,-0.9796666666666667,0.22033333333333335
2018,11,0.9993333333333334,1.4343333333333332,0.01733333333333333,1.0136666666666667,0.22766666666666666,-0.0076666666666666715,0.658,0.24833333333333335,0.4226666666666667,0.18433333333333335,0.4946666666666667
2018,12,0.4666666666666667,0.77,0.19066666666666665,0.6106666666666667,0.8923333333333333,0.4896666666666667,0.38966666666666666,0.8693333333333333,0.696,1.0706666666666667,0.664
2019,1,-0.0013333333333333346,0.12633333333333333,0.384,0.2806666666666667,0.491,0.48533333333333334,0.6636666666666666,0.768,0.5976666666666667,1.241,0.5473333333333333
2019,2,-0.10066666666666665,0.09099999999999998,0.6766666666666666,0.6253333333333333,0.497,0.611,0.4116666666666667,1.1833333333333333,0.9756666666666667,1.3463333333333334,0.6873333333333334
2019,3,0.19533333333333336,0.4876666666666667,1.5053333333333332,1.333,0.8693333333333333,0.829,0.5713333333333332,0.8323333333333333,1.0213333333333332,0.9286666666666668,0.872
2019,4,0.265,0.04633333333333334,1.0783333333333334,0.59,0.7223333333333334,0.5003333333333333,-0.06233333333333334,0.9276666666666668,0.6033333333333334,0.6456666666666666,0.5403333333333333
2019,5,1.2736666666666667,1.2753333333333334,1.3326666666666667,0.5409999999999999,0.7146666666666667,1.0526666666666666,-0.385,0.577,0.6173333333333333,0.23133333333333334,0.6579999999999999
2019,6,0.054666666666666676,1.4503333333333335,0.24033333333333332,0.43333333333333335,-0.195,0.557,-0.5533333333333333,-0.15699999999999997,0.0040000000000000036,0.3393333333333333,0.17400000000000002
2019,7,0.02433333333333333,1.0496666666666667,0.15433333333333332,-0.2653333333333333,-0.5123333333333333,-0.45366666666666666,-0.14866666666666667,-0.33666666666666667,-0.17600000000000002,0.15733333333333333,-0.07566666666666666
2019,8,0.15033333333333332,1.0896666666666666,0.9423333333333334,1.1543333333333332,0.41433333333333333,0.11133333333333333,0.6910000000000001,0.117,-0.13433333333333333,-0.10233333333333333,0.41
2019,9,0.17766666666666667,0.976,1.0136666666666667,0.4073333333333333,0.108,0.5873333333333334,0.8156666666666667,0.04633333333333334,0.527,-0.296,0.4093333333333333
2019,10,-0.09866666666666665,0.9676666666666667,0.29933333333333334,0.41133333333333333,0.48966666666666664,0.5663333333333334,0.7626666666666667,0.107,0.462,0.04166666666666668,0.39799999999999996
2019,11,0.17966666666666664,0.36,0.7393333333333333,0.3393333333333333,0.505,0.367,0.633,0.028333333333333332,0.357,0.0029999999999999936,0.3433333333333333
2019,12,-0.2683333333333333,-0.10866666666666666,0.65,0.20033333333333334,0.549,0.4023333333333333,0.528,0.007333333333333331,0.436,-0.31766666666666665,0.21366666666666667
2020,1,1.1866666666666668,0.3363333333333333,1.7876666666666667,1.0476666666666667,1.0456666666666667,0.6426666666666667,0.7323333333333333,0.336,0.9576666666666667,0.3716666666666667,0.8206666666666667
2020,2,1.4736666666666667,0.9139999999999999,1.6476666666666666,1.0163333333333333,1.2,0.45,0.5666666666666667,0.36366666666666664,0.8696666666666667,0.6333333333333333,0.877
2020,3,1.2416666666666667,1.155,1.429,0.6886666666666666,1.203,0.39466666666666667,0.3796666666666667,0.5633333333333334,0.9076666666666666,0.8046666666666666,0.8473333333333333
2020,4,0.8353333333333334,0.6293333333333333,0.9516666666666668,-0.172,0.977,0.36666666666666664,-0.08733333333333333,0.375,0.523,0.241,0.43733333333333335
2020,5,0.8083333333333333,0.736,0.507,0.018,0.6083333333333333,0.39766666666666667,-0.14433333333333334,0.36033333333333334,0.052,0.2743333333333333,0.32833333333333337
2020,6,1.566,1.611,1.2776666666666667,0.672,0.784,0.5943333333333333,0.20566666666666666,0.776,0.9596666666666667,0.9096666666666666,0.8953333333333334
2020,7,1.0006666666666666,0.8986666666666667,-0.07033333333333333,-0.19133333333333333,-1.023,0.08933333333333333,0.5836666666666667,0.24,0.7113333333333333,0.919,0.318
2020,8,-0.6613333333333333,0.36933333333333335,-0.20133333333333328,0.7533333333333334,0.21066666666666667,1.1446666666666667,1.2176666666666667,0.5273333333333333,1.5186666666666666,0.6143333333333334,0.6133333333333334
2020,9,-0.15366666666666667,0.7936666666666666,0.06133333333333334,1.2206666666666668,-0.508,0.4136666666666666,1.5706666666666667,0.009333333333333341,0.6533333333333333,0.5983333333333334,0.4926666666666667
2020,10,0.27166666666666667,0.766,0.12333333333333334,0.485,-0.093,0.271,1.0053333333333334,0.22366666666666665,0.41800000000000004,0.4656666666666667,0.4023333333333333
2020,11,0.259,0.5660000000000001,0.5176666666666667,0.423,0.22333333333333333,0.6856666666666666,0.2796666666666667,0.29233333333333333,0.4706666666666667,0.21933333333333332,0.38266666666666665
2020,12,0.543,0.08533333333333333,1.0626666666666666,0.29433333333333334,0.233,0.9363333333333334,0.3506666666666667,0.10200000000000001,0.6910000000000001,0.365,0.453
2021,1,0.275,0.09,0.4106666666666667,0.779,-0.010333333333333326,0.415,0.3963333333333333,-0.157,0.5733333333333334,0.04033333333333334,0.278
2021,2,-0.13799999999999998,-0.19066666666666665,0.41433333333333333,0.531,0.5316666666666667,0.324,-0.008666666666666668,0.45966666666666667,0.5650000000000001,-0.26466666666666666,0.23533333333333334
2021,3,0.4543333333333333,-0.5863333333333334,1.2103333333333333,0.837,0.8803333333333334,0.4443333333333333,0.369,0.733,0.7663333333333333,0.20433333333333334,0.5523333333333333
2021,4,0.9363333333333334,0.26566666666666666,1.3133333333333332,1.294,1.351,0.48233333333333334,0.05466666666666667,0.24366666666666667,0.24933333333333335,-0.2896666666666667,0.5443333333333333
2021,5,1.274,0.7726666666666666,0.8546666666666667,1.583,0.8306666666666667,0.036000000000000004,0.10933333333333332,0.6763333333333333,0.782,0.5499999999999999,0.7263333333333333
2021,6,1.2476666666666667,0.8896666666666667,0.5856666666666667,1.0623333333333334,1.3836666666666666,0.36566666666666664,0.21666666666666667,0.8056666666666666,0.38799999999999996,0.49300000000000005,0.7186666666666667
2021,7,3.361666666666667,2.0993333333333335,2.575,1.2813333333333334,0.9156666666666666,0.051000000000000004,0.25266666666666665,-0.23199999999999998,-0.30466666666666664,-0.10400000000000001,0.8283333333333334
2021,8,1.0213333333333332,-0.10500000000000005,0.6253333333333334,-0.11733333333333336,-0.05733333333333333,-0.4093333333333333,-0.42933333333333334,-0.3666666666666667,-0.22233333333333333,-0.15666666666666668,-0.06566666666666665
2021,9,1.4366666666666668,-0.28933333333333333,0.48566666666666664,-0.43966666666666665,0.8723333333333333,0.39999999999999997,-0.09799999999999999,0.973,1.046,0.778,0.5286666666666666
2021,10,1.9126666666666667,0.7083333333333334,1.267,-0.357,1.5763333333333334,0.787,-0.5276666666666666,1.1043333333333334,-0.008666666666666675,0.854,0.6746666666666666
2021,11,1.9776666666666667,1.0063333333333333,0.603,0.24966666666666668,0.08966666666666664,-0.028999999999999998,-0.623,0.129,-0.348,0.5003333333333333,0.2783333333333333
2021,12,0.9856666666666667,1.42,0.33866666666666667,0.03966666666666667,0.31866666666666665,-0.4083333333333333,-0.7696666666666666,0.222,-0.556,0.05333333333333334,0.09766666666666668
2022,1,0.062000000000000006,0.24566666666666667,-0.107,0.3546666666666667,0.259,-0.06966666666666668,-0.5466666666666666,0.12266666666666667,-0.3686666666666667,0.023333333333333338,-0.020666666666666663
2022,2,0.6376666666666667,0.47766666666666663,0.17966666666666667,-0.302,0.33366666666666667,-0.0030000000000000118,-0.7343333333333333,0.12666666666666668,-0.13966666666666666,-0.244,-0.012333333333333337
2022,3,0.47833333333333333,0.5609999999999999,0.09666666666666666,0.211,0.655,-0.20166666666666666,-0.18966666666666668,0.573,-0.16733333333333333,0.2693333333333333,0.21266666666666664
2022,4,0.987,1.1613333333333333,0.863,0.725,1.2196666666666667,0.6523333333333333,0.06733333333333333,0.6483333333333333,0.7686666666666667,0.2813333333333333,0.705
2022,5,1.3696666666666668,1.126,1.212,1.067,0.9363333333333334,0.20066666666666666,-0.15266666666666667,-0.177,0.9206666666666667,0.399,0.6406666666666667
2022,6,1.0086666666666666,0.176,0.7023333333333333,0.27,0.793,0.21066666666666667,-0.20733333333333334,-0.1526666666666667,0.41433333333333333,0.41133333333333333,0.3373333333333333
2022,7,2.153,2.2616666666666667,2.0583333333333336,1.571,1.718,0.603,0.179,0.603,0.2583333333333333,0.5986666666666667,1.1006666666666667
2022,8,1.3233333333333333,0.95,0.8026666666666666,0.6773333333333333,1.0486666666666666,0.8150000000000001,0.6736666666666666,1.2276666666666667,0.9506666666666667,1.1693333333333333,0.964
2022,9,0.08900000000000001,1.8603333333333334,0.7866666666666666,1.6226666666666667,-0.468,0.814,0.7776666666666666,0.17233333333333334,0.486,0.07466666666666666,0.5836666666666667
2022,10,0.2966666666666667,1.8603333333333334,0.7033333333333334,1.9076666666666666,-0.29033333333333333,0.6563333333333333,0.23933333333333334,0.05066666666666667,0.6053333333333333,0.346,0.5956666666666667
2022,11,1.116,1.6526666666666667,1.052,1.6663333333333334,0.44,0.41033333333333333,-0.422,0.32233333333333336,0.48433333333333334,0.5896666666666667,0.6713333333333333
2022,12,0.838,1.137,0.994,1.0383333333333333,0.3433333333333333,-0.042666666666666665,-0.4013333333333333,0.385,0.387,0.6913333333333334,0.501
2023,1,0.5913333333333333,1.1956666666666667,0.7573333333333333,0.9776666666666667,0.32366666666666666,-0.3676666666666667,-0.35333333333333333,0.16666666666666666,0.176,0.09733333333333334,0.31266666666666665
2023,2,1.1663333333333332,1.1683333333333332,1.2776666666666667,1.5216666666666667,0.5686666666666667,0.12266666666666667,-0.09533333333333333,0.04933333333333333,0.44033333333333335,0.066,0.562
2023,3,1.137,1.128,1.6540000000000001,1.9473333333333334,0.8666666666666667,0.623,0.19266666666666668,0.04466666666666667,0.4206666666666667,-0.196,0.7073333333333334
2023,4,1.1666666666666665,1.6533333333333333,1.7523333333333333,1.9666666666666666,0.926,0.4623333333333333,-0.01,0.22433333333333333,0.214,-0.138,0.7353333333333333
2023,5,1.8053333333333335,2.199,1.4563333333333333,1.63,0.6503333333333333,0.09366666666666668,-0.5053333333333333,-0.19833333333333333,-0.39066666666666666,-0.4806666666666667,0.493
2023,6,3.134666666666667,2.7556666666666665,1.8586666666666667,0.9009999999999999,0.8119999999999999,0.42333333333333334,-0.15,0.2633333333333333,-0.11800000000000001,-0.6336666666666667,0.758
2023,7,2.388666666666667,3.263,1.744,1.8576666666666666,0.854,0.641,0.4086666666666666,0.49333333333333335,0.399,0.21766666666666667,1.1023333333333334
2023,8,2.11,4.093666666666667,2.7523333333333335,2.705,1.1556666666666666,0.3833333333333333,0.5876666666666667,-0.010666666666666639,-0.02366666666666666,-0.04333333333333334,1.2069999999999999
2023,9,2.526,3.695333333333333,2.6706666666666665,2.4953333333333334,1.8073333333333332,0.9536666666666667,0.8116666666666666,1.187,0.6763333333333333,0.434,1.5983333333333334
2023,10,1.3316666666666666,1.444,1.4526666666666666,1.7526666666666666,1.1223333333333332,0.8013333333333333,0.289,0.9836666666666666,0.801,0.521,1.0043333333333333
2023,11,1.2656666666666667,1.4683333333333333,1.414,2.239,0.9496666666666667,0.5296666666666667,0.08533333333333333,0.7046666666666667,0.452,0.6846666666666666,0.9263333333333333
2023,12,1.1566666666666667,1.7303333333333333,1.266,2.5356666666666667,0.47733333333333333,0.505,0.172,0.4803333333333334,0.5203333333333333,0.5833333333333334,0.885
2024,1,0.9756666666666667,2.216333333333333,1.0896666666666666,2.486666666666667,0.7243333333333334,0.6613333333333333,0.3923333333333333,0.558,0.5383333333333333,0.27466666666666667,0.9273333333333333
2024,2,1.1243333333333334,2.225,1.1666666666666667,2.5873333333333335,0.8916666666666666,0.7716666666666666,0.46366666666666667,0.36966666666666664,0.744,0.3753333333333333,0.9983333333333334
2024,3,1.07,1.8296666666666666,1.192,2.142333333333333,0.7466666666666667,0.607,0.15966666666666668,-0.359,0.49400000000000005,0.182,0.7233333333333334
2024,4,1.9503333333333333,2.621,2.0723333333333334,1.913,1.47,0.8009999999999999,0.34500000000000003,1.053,1.4073333333333333,1.5633333333333332,1.4616666666666667
2024,5,1.373,2.759,1.2653333333333334,1.9976666666666667,1.0663333333333334,0.7233333333333334,0.8506666666666667,0.48933333333333334,1.185,1.004,1.2236666666666667
2024,6,1.4446666666666665,2.6406666666666667,1.8659999999999999,1.475,1.283,0.624,0.431,0.17233333333333334,0.7106666666666667,0.6313333333333333,1.0473333333333332
